day indoor mobility,day,uid
0,86,u44
0,91,u44
0.009802735,92,u44
0.020711782,93,u44
0.017918345,94,u44
0.031395985,95,u44
0.018694654,96,u44
0.002645153,97,u44
0.035773493,98,u44
0.014929237,99,u44
0.016249528,100,u44
0,101,u44
0.025797235,102,u44
0.013812677,103,u44
0.022054417,106,u44
0.009963054,107,u44
0.009047969,108,u44
0.051158858,109,u44
0,110,u44
0.014065475,111,u44
0.013098375,112,u44
0.124018672,113,u44
0.034317966,114,u44
0.066347936,115,u44
0.024993269,116,u44
0,117,u44
0.02348456,118,u44
0.01352381,119,u44
0.069845618,120,u44
0.012609753,121,u44
0.001006349,122,u44
0.028336065,123,u44
0.007374133,125,u44
0.031958709,126,u44
0.030395801,127,u44
0.010652048,128,u44
0.016371261,129,u44
0.020649641,130,u44
0.020047733,133,u44
0.000863148,134,u44
0.012869835,135,u44
0.006912965,136,u44
0.024748259,137,u44
0.044899021,138,u44
0.003004475,139,u44
0.055400072,140,u44
0.003260211,141,u44
0.006682631,142,u44
0.069202695,143,u44
0.006746667,144,u44
0.04275636,145,u44
0.000535583,146,u44
0.013936652,147,u44
0.029877833,148,u44
0.018404908,150,u44
0.087518862,151,u44
0.149888747,86,u20
0.076453034,87,u20
0.133877275,88,u20
0.009414987,89,u20
0.13526816,91,u20
0.118240541,92,u20
0.014925922,93,u20
0.080271138,94,u20
0,95,u20
0,96,u20
0,97,u20
0.030926979,98,u20
0.105221519,99,u20
0.027256129,100,u20
0.032857422,101,u20
0.050900583,102,u20
0.012938079,103,u20
0.009674615,104,u20
0,110,u20
0,111,u20
0.001009303,112,u20
0.037178309,113,u20
0.002616867,114,u20
0.054907833,115,u20
0,116,u20
0.047030087,117,u20
0,118,u20
0.018626657,119,u20
0.029059041,120,u20
0.135958609,121,u20
0.01205683,124,u20
0,125,u20
0.057987944,126,u20
0.028737473,127,u20
0.050271455,128,u20
0,130,u20
0.037377426,131,u20
0,133,u20
0.000870611,134,u20
0.031442721,135,u20
0,136,u20
0.037419964,137,u20
0,138,u20
0.053568219,139,u20
0,140,u20
0.000525679,141,u20
0.025575009,86,u19
0.062431243,87,u19
0.116106889,88,u19
0.313474309,89,u19
0.022176817,91,u19
0.043115505,92,u19
0.025145391,93,u19
0.087682573,94,u19
0.061685824,95,u19
0.011971896,96,u19
0.039973321,97,u19
0.019030566,98,u19
0.071861522,99,u19
0.0474846,100,u19
0.054908736,101,u19
0.012978109,102,u19
0.030251072,103,u19
0.0529184,104,u19
0.019473684,105,u19
0.088906862,106,u19
0.020050305,107,u19
0.04354897,108,u19
0.024200317,109,u19
0,110,u19
0,111,u19
0.014882484,112,u19
0.032125881,113,u19
0,114,u19
0.051417468,115,u19
0.031952108,116,u19
0.009632564,117,u19
0.008640049,118,u19
0.067725362,119,u19
0.001875408,120,u19
0.012235364,121,u19
0.05580758,122,u19
0.014592491,123,u19
0,124,u19
0,125,u19
0.047785644,126,u19
0.024174671,127,u19
0.061291443,128,u19
0.046749613,129,u19
0.02908341,130,u19
0.012766265,131,u19
0.018482597,132,u19
0.02055527,133,u19
0.022198776,134,u19
0.06103202,135,u19
0.024702803,136,u19
0.031241447,137,u19
0.031034483,138,u19
0.028463074,139,u19
0.014974032,140,u19
0.024605876,141,u19
0.005385164,142,u19
0.059596767,143,u19
0.028325683,144,u19
0.032126466,145,u19
0,146,u19
0.002026126,147,u19
0.02116135,148,u19
0.050253169,149,u19
0.000435332,150,u19
0.033157277,151,u19
0.02539482,86,u18
0.022689232,87,u18
0.051885187,88,u18
0.009245705,89,u18
0.025325038,90,u18
0.035726674,91,u18
0.057440684,92,u18
0.044281816,93,u18
0,94,u18
0.030681101,95,u18
0.157882012,96,u18
0.025577596,98,u18
0.01913614,99,u18
0.062450173,100,u18
0.072887907,101,u18
0.025280647,102,u18
0.012080244,103,u18
0.008744878,104,u18
0.020322694,105,u18
0.036835749,106,u18
0.071346705,107,u18
0.066110544,108,u18
0,109,u18
0.001886245,110,u18
0.062731754,111,u18
0,112,u18
0.04381527,113,u18
0.027908113,114,u18
0.028981642,115,u18
0.043367461,116,u18
0.2080513,118,u18
0.079121807,119,u18
0,120,u18
0,121,u18
0.029949559,122,u18
0.033208329,123,u18
0.024666344,124,u18
0,125,u18
0,126,u18
0.00618705,127,u18
0,134,u18
0.033817844,135,u18
0.031642175,136,u18
0,137,u18
0.002385589,138,u18
0.003033586,139,u18
0.020943463,140,u18
0,141,u18
0,142,u18
0.029887981,143,u18
0,144,u18
0.010428616,145,u18
0.004775397,146,u18
0.016933617,147,u18
0.210884354,149,u18
0.058877786,86,u14
0.266555621,87,u14
0.104781955,88,u14
0.05748859,89,u14
0.102124743,90,u14
0.069153695,91,u14
0.024694018,92,u14
0.064258555,93,u14
0.050015813,94,u14
0.015757421,95,u14
0.08679517,96,u14
0.026473382,97,u14
0.090377168,98,u14
0.094891588,99,u14
0.035995263,100,u14
0.056909515,101,u14
0.045727265,102,u14
0.022638298,103,u14
0.017619317,104,u14
0.03015894,105,u14
0.062538945,106,u14
0.059758948,107,u14
0.054798947,108,u14
0.03245322,109,u14
0.01896438,110,u14
0.028331305,111,u14
0.019471488,112,u14
0.040466156,113,u14
0.046880434,114,u14
0.025182376,115,u14
0.084998184,116,u14
0.000547438,117,u14
0.123334766,118,u14
0.024043012,119,u14
0.056137131,120,u14
0.07482737,121,u14
0.046778331,122,u14
0.011258444,123,u14
0.003855333,124,u14
0.035880247,125,u14
0.040195273,126,u14
0.010980845,127,u14
0.065543298,128,u14
0.053194986,129,u14
0.007437039,131,u14
0.047748493,132,u14
0.095057922,133,u14
0.083209107,134,u14
0.076361513,135,u14
0.020331751,136,u14
0.042797736,137,u14
0,139,u14
0.067091505,140,u14
0.128630308,141,u14
0.036248355,142,u14
0.031868623,144,u14
0.006513615,146,u14
0,148,u14
0.033594177,149,u14
0.194088726,86,u54
0.188421748,87,u54
0.340784631,88,u54
0.244782495,89,u54
0.230031244,90,u54
0.103588749,91,u54
0.059477926,92,u54
0.045588173,93,u54
0.109380934,94,u54
0.102122274,95,u54
0.281001358,96,u54
0.33576909,97,u54
0.146866612,101,u54
0.047280273,102,u54
0.009386995,103,u54
0.001444138,104,u54
0.048694507,105,u54
0.046172212,106,u54
0.081223242,107,u54
0.172037858,108,u54
0.083597934,109,u54
0.04435857,110,u54
0.041946677,111,u54
0.063108379,112,u54
0.076966202,113,u54
0.000568586,114,u54
0.066089693,115,u54
0.060435384,116,u54
0.076752853,117,u54
0.074156657,118,u54
0.081184301,119,u54
0.025177511,120,u54
0.076035966,121,u54
0.121896163,122,u54
0.068415266,123,u54
0.018825805,124,u54
0.048482079,125,u54
0.12026319,126,u54
0.243355412,127,u54
0.115845358,128,u54
0.262917933,129,u54
0.110757576,149,u54
0.087579618,150,u54
0.261182235,86,u57
0.080995127,87,u57
0.176374932,88,u57
0.125348753,89,u57
0.034030982,90,u57
0.268672715,91,u57
0.089554555,92,u57
0.169863886,93,u57
0.143913998,94,u57
0.116290943,95,u57
0.156732506,96,u57
0.105561862,97,u57
0.216658801,98,u57
0.103028886,99,u57
0.24179215,100,u57
0.07339812,101,u57
0.06252354,102,u57
0.044911734,103,u57
0.103900096,104,u57
0.148282669,105,u57
0.154300819,106,u57
0.095367633,107,u57
0.134645156,108,u57
0.166489022,109,u57
0.087396821,110,u57
0.080781707,111,u57
0.084871163,112,u57
0.026135275,113,u57
0.122216354,114,u57
0.132228315,115,u57
0.086109045,116,u57
0.052330734,117,u57
0.21044032,118,u57
0.164344477,119,u57
0.061575767,120,u57
0.13281092,121,u57
0.196156612,122,u57
0.128910796,123,u57
0.111,124,u57
0.091214439,125,u57
0.286763657,126,u57
0.160520871,127,u57
0.073499807,128,u57
0.223661687,129,u57
0.108441702,130,u57
0.145491032,131,u57
0.045303703,132,u57
0.086648865,133,u57
0.077166173,134,u57
0.115138282,135,u57
0.259956206,136,u57
0.346992153,137,u57
0.078767123,138,u57
0.164475316,139,u57
0.173021597,140,u57
0.05667397,141,u57
0.115959281,142,u57
0.087618456,143,u57
0.067082068,144,u57
0.107978023,145,u57
0.078281133,146,u57
0.09744567,147,u57
0.03877872,148,u57
0.07387434,149,u57
0.130788672,150,u57
0.048485902,151,u57
0,86,u46
0.290029652,90,u46
0.12720785,91,u46
0.03081445,92,u46
0.020149254,93,u46
0.128054218,94,u46
0.104651163,95,u46
0.028534724,96,u46
0.05123506,97,u46
0.090600898,98,u46
0.108112617,99,u46
0.104924878,100,u46
0.056949546,101,u46
0.03554271,102,u46
0.072408935,103,u46
0.133596145,104,u46
0.085875566,105,u46
0.235199934,106,u46
0.155275355,107,u46
0.178143639,108,u46
0.171627106,109,u46
0.025029976,110,u46
0.05604046,111,u46
0.053619942,112,u46
0.021276596,113,u46
0.012270392,114,u46
0.022318561,115,u46
0.122648802,116,u46
0.611489322,117,u46
0.198519062,118,u46
0.088520821,119,u46
0,120,u46
0.069426607,121,u46
0.075656126,122,u46
0.042500892,123,u46
0.29363436,124,u46
0.02536565,125,u46
0.247842024,126,u46
0.040043117,127,u46
0.084562393,128,u46
0.006720583,129,u46
0.22969123,130,u46
0.017771298,131,u46
0.018156134,132,u46
0.228950024,133,u46
0.020309283,134,u46
0.096878503,135,u46
0.117075232,136,u46
0.237419011,137,u46
0.08067836,138,u46
0.061546018,139,u46
0.065009856,140,u46
0.078891798,141,u46
0.076831882,142,u46
0.023611111,143,u46
0.074685439,86,u10
0.029838281,87,u10
0.028119127,88,u10
0.030542369,89,u10
0.01604,90,u10
0.045441317,91,u10
0.015386572,92,u10
0.044596471,93,u10
0.0594111,94,u10
0.030515666,95,u10
0.031994356,96,u10
0.025409769,97,u10
0.03654501,98,u10
0.025705686,99,u10
0.064750789,100,u10
0.058007216,101,u10
0.038436851,102,u10
0.029679566,103,u10
0.012935596,104,u10
0.035544629,105,u10
0.035915493,106,u10
0.078436796,107,u10
0.015056413,108,u10
0.05949738,109,u10
0.026945861,110,u10
0.039322172,111,u10
0.050698132,112,u10
0.051666322,113,u10
0.004805884,114,u10
0.025480403,115,u10
0.05053014,116,u10
0.009266279,117,u10
0.052826691,118,u10
0.034127019,119,u10
0.063246401,120,u10
0.095125373,121,u10
0.026163223,122,u10
0.08568,123,u10
0.059902563,124,u10
0.065592251,125,u10
0.085003154,126,u10
0.048315706,127,u10
0.039673813,128,u10
0.095536309,129,u10
0.033158055,130,u10
0.048203258,131,u10
0.038535203,132,u10
0.069352931,133,u10
0.064988388,134,u10
0.073699709,135,u10
0.017254584,136,u10
0.070402,137,u10
0.042619805,138,u10
0.096230255,139,u10
0.070943431,140,u10
0.110276747,141,u10
0.01165687,142,u10
0.057019993,143,u10
0.085447746,144,u10
0.062810489,145,u10
0.085179153,146,u10
0.041917646,147,u10
0.047378285,148,u10
0.092334152,149,u10
0.053920292,150,u10
0,151,u10
0.126488214,86,u25
0.07590941,87,u25
0.124016909,88,u25
0.031707839,89,u25
0.009541985,91,u25
0.119014504,92,u25
0.102566668,93,u25
0.077421507,94,u25
0.099960195,95,u25
0.246226694,96,u25
0.449467605,97,u25
0.210863846,98,u25
0.071270782,99,u25
0.140338397,100,u25
0.152745908,101,u25
0.107070707,102,u25
0.07164998,103,u25
0.153966597,104,u25
0.064148295,105,u25
0.17826223,106,u25
0.145961862,107,u25
0.118305644,108,u25
0.053038495,109,u25
0.022284889,111,u25
0.095771778,112,u25
0.118123341,113,u25
0.201241027,114,u25
0.100834824,116,u25
0,117,u25
0.151200457,119,u25
0,120,u25
0.057639765,135,u25
0.003399433,146,u25
0.003516174,147,u25
0.002251238,148,u25
0.114495384,86,u24
0.034826071,87,u24
0.135103424,88,u24
0.047345209,89,u24
0.017411314,90,u24
0.084168823,91,u24
0,92,u24
0.104678826,93,u24
0.057059481,94,u24
0.077686747,95,u24
0.023560823,96,u24
0,97,u24
0.093166616,98,u24
0.058668161,99,u24
0,100,u24
0.116620626,101,u24
0.156763046,102,u24
0.103343599,103,u24
0.044202666,104,u24
0.051769703,105,u24
0.045276185,106,u24
0.081761866,107,u24
0.063709186,108,u24
0.096100528,109,u24
0.061642747,110,u24
0.048644041,111,u24
0.037596834,112,u24
0.0332918,113,u24
0.048985395,114,u24
0.077821188,115,u24
0.086071191,86,u56
0.132595999,87,u56
0.325783972,88,u56
0.104118754,91,u56
0.073351415,92,u56
0.104054994,94,u56
0.105597484,95,u56
0.379350093,96,u56
0.006178288,97,u56
0.158428968,98,u56
0.095121827,99,u56
0.063974615,100,u56
0.047694681,102,u56
0.128596668,103,u56
0.092015644,104,u56
0.086692175,105,u56
0.070226482,106,u56
0.066153846,107,u56
0.006708357,108,u56
0.055885167,109,u56
0.392365269,110,u56
0.329973683,111,u56
0.068326635,112,u56
0.055605337,113,u56
0.085088253,114,u56
0.083360878,115,u56
0.054459281,116,u56
0.418943995,117,u56
0.222628635,118,u56
0.11025974,119,u56
0.046674482,120,u56
0.016375851,121,u56
0.038714426,122,u56
0.052186312,123,u56
0.035882458,133,u56
0.047093212,134,u56
0.052350551,135,u56
0.068669719,136,u56
0.048067454,137,u56
0.269513536,139,u56
0.052556251,140,u56
0.061269147,141,u56
0.053909128,142,u56
0.081053698,143,u56
0.050741451,144,u56
0.041314851,145,u56
,146,u56
0.07861684,147,u56
0.026635199,148,u56
0.091391324,149,u56
0.030900466,150,u56
0.184279383,151,u56
0,86,u39
0.048996832,87,u39
0.002837392,92,u39
0.010858946,93,u39
0,94,u39
0,95,u39
0,96,u39
0.005244497,100,u39
0,105,u39
0.001043553,106,u39
0.028003342,114,u39
0.245175936,115,u39
0.293961574,86,u53
0.028493641,87,u53
0.045030044,88,u53
0.039326254,89,u53
0.035274932,91,u53
0.000584283,92,u53
0.054282362,93,u53
0.015397808,94,u53
0.041188236,95,u53
0,96,u53
0.03077791,97,u53
0.072996109,98,u53
0.027102804,99,u53
0.048805609,100,u53
0.039617437,101,u53
0.040336204,102,u53
0.018337566,103,u53
0.254591669,104,u53
0.059346917,105,u53
0.030791646,106,u53
0.022077185,107,u53
0.036480514,108,u53
0.022195851,109,u53
0.002393074,110,u53
0.018845994,111,u53
0.02690866,112,u53
0.02690081,113,u53
0.037322893,114,u53
0.034802879,115,u53
0.053381705,116,u53
0.183184611,117,u53
0,118,u53
0.024600984,119,u53
0.027923545,120,u53
0.047366503,121,u53
0.004137931,122,u53
0.071941483,123,u53
0.057613169,124,u53
0.093882625,125,u53
0.039751412,126,u53
0.094552972,127,u53
0.032851256,128,u53
0,129,u53
0.027575224,130,u53
0.010967614,131,u53
0,132,u53
0.012222743,133,u53
0.000394836,134,u53
0.048862887,135,u53
0,136,u53
0,137,u53
0,139,u53
0.052196172,140,u53
0.030203743,142,u53
0.003473562,145,u53
0,146,u53
0,147,u53
0.060450733,148,u53
0.161597876,149,u53
0.09316129,86,u01
0.283662355,87,u01
0.215417687,88,u01
0.077774903,89,u01
0.078029141,90,u01
0.512277952,91,u01
0.130556137,92,u01
0.148489075,93,u01
0.348912315,94,u01
0.280183659,95,u01
0.07105132,96,u01
0.136921315,97,u01
0.133261562,98,u01
0.040887008,99,u01
0.071931456,100,u01
0.175751145,101,u01
0.266532883,102,u01
0.125874126,103,u01
0.067348028,104,u01
0.283582963,105,u01
0.056772971,106,u01
0.154219373,107,u01
0.286092423,108,u01
0.262563493,109,u01
0.070470561,110,u01
0.245777736,111,u01
0.154449863,112,u01
0.130713116,113,u01
0.036648637,114,u01
0.293534394,115,u01
0.212434104,116,u01
0.419640902,117,u01
0.013470262,118,u01
0.280126674,119,u01
0.028804683,120,u01
0.137552953,121,u01
0.346790955,122,u01
0.10844409,123,u01
0,124,u01
0,127,u01
0.087223008,128,u01
0.315394926,129,u01
0.277280426,130,u01
0.159257983,131,u01
0.233814125,132,u01
0.146588101,133,u01
0.130958815,134,u01
0.101972243,135,u01
0.310315345,136,u01
0.199577186,137,u01
0.114705431,138,u01
0.153894604,139,u01
0,140,u01
0.138471587,141,u01
0.085803698,142,u01
0.118312811,143,u01
0.113455552,144,u01
0.211761042,145,u01
0.176671381,146,u01
0.031264069,147,u01
0.056948751,148,u01
0.14374844,86,u23
0.140481374,87,u23
0.077541761,88,u23
0.000455063,89,u23
0.000524257,90,u23
0.023574284,91,u23
0.188333236,92,u23
0,93,u23
0,94,u23
0,95,u23
0.011499938,96,u23
0.010108175,97,u23
0,98,u23
0.008540305,99,u23
0.000842026,100,u23
0.046218298,101,u23
0.092436975,102,u23
0.009770419,103,u23
0,104,u23
0,105,u23
0,106,u23
0.000335909,107,u23
0.00034121,108,u23
0.020533079,109,u23
0.027404448,110,u23
0.066447523,111,u23
0.02922656,112,u23
0.054264644,113,u23
0.000797943,114,u23
0.065454387,115,u23
0.011338345,116,u23
0.010410936,117,u23
0.003293235,118,u23
0.06154564,119,u23
0.011383958,120,u23
0.040190213,121,u23
0.037046124,122,u23
0,123,u23
0.075999817,124,u23
0,125,u23
0.037581012,126,u23
0.009804343,127,u23
0.124705882,128,u23
0.000340093,129,u23
0.01977093,130,u23
0.049690016,131,u23
0,132,u23
0,133,u23
0.008761988,134,u23
0,135,u23
0,136,u23
8.78E-05,137,u23
0.000649407,138,u23
0.030725578,139,u23
0,140,u23
0.009017516,141,u23
0,142,u23
0.166347992,143,u23
0,87,u50
0.005440489,88,u50
0.063535015,89,u50
0,90,u50
0.032392057,91,u50
0.020427286,92,u50
0.017254643,93,u50
0.00087509,94,u50
0.033285152,95,u50
0.008615152,96,u50
0,97,u50
0.028093003,98,u50
0.011977165,99,u50
0.012219356,100,u50
0.014099308,101,u50
0.01880141,102,u50
0.00861244,103,u50
0,104,u50
0.023430381,105,u50
0.00045447,106,u50
0.001983236,107,u50
0.012557555,108,u50
0.03782322,109,u50
0.01116701,110,u50
0,111,u50
0,112,u50
0,113,u50
0.011722308,114,u50
0,117,u50
0.010683511,118,u50
0,119,u50
0.036223866,130,u50
0,132,u50
0.084824467,133,u50
0,134,u50
0,135,u50
0.093500339,86,u27
0.079226487,87,u27
0.008447113,88,u27
0.022313923,89,u27
0,90,u27
0.070844834,91,u27
0.037637608,92,u27
0.037079116,93,u27
0.049745087,94,u27
0.055619782,95,u27
0,96,u27
0.017996316,97,u27
0.009673069,98,u27
0,99,u27
0.072580645,100,u27
0.101651376,101,u27
0.037812905,102,u27
0,103,u27
0.022528466,104,u27
0.064522779,105,u27
0.001201346,106,u27
0.071267785,107,u27
0.038578107,108,u27
0.116692668,109,u27
0.000370388,110,u27
0.007515453,111,u27
0.025839552,112,u27
0.015772719,113,u27
0.011490443,114,u27
0.069019433,115,u27
0.036072332,116,u27
0,117,u27
0.003026197,118,u27
0.016007408,119,u27
0.067642248,120,u27
0.02314102,121,u27
0.048924341,122,u27
0.032964844,123,u27
0,124,u27
8.84E-05,125,u27
0.040612098,126,u27
0.083902525,127,u27
0.028864569,128,u27
0.010357159,129,u27
0.010510511,130,u27
0.049223816,131,u27
0,132,u27
0,133,u27
0,134,u27
0.027525872,135,u27
0.004085705,136,u27
0,137,u27
0.065778448,138,u27
0.000879507,139,u27
0.052171447,140,u27
0.003584229,141,u27
0.050854037,142,u27
0,143,u27
0.000445752,144,u27
0.000840771,145,u27
0.024303757,146,u27
0.077707697,147,u27
0.047295693,148,u27
0.016763523,149,u27
0.00108398,150,u27
0.098635984,151,u27
0.031595876,86,u03
0.029447232,87,u03
0.051890504,88,u03
0,89,u03
0,90,u03
0.054409006,91,u03
0,92,u03
0.071709933,93,u03
0,94,u03
0.017550965,95,u03
0.024281577,96,u03
0,97,u03
0.074281216,98,u03
0,99,u03
0.038967226,100,u03
0,101,u03
0,102,u03
0.02074774,103,u03
0.000411353,104,u03
0.078753076,105,u03
0,106,u03
0.116092241,107,u03
0.030895817,108,u03
0,110,u03
0.034963523,111,u03
0.023854822,112,u03
0.170199853,113,u03
0,114,u03
0.046793407,115,u03
0.106295993,116,u03
0,117,u03
0.044489889,118,u03
0.050027653,119,u03
0.113567787,120,u03
0,121,u03
0,122,u03
0,123,u03
0,124,u03
0,125,u03
0.05042602,126,u03
0.064489229,127,u03
0,128,u03
0,129,u03
0,130,u03
0,131,u03
0,132,u03
0.045213972,133,u03
0,134,u03
0.015399036,135,u03
0.182531302,141,u03
0,86,u35
0.0630793,87,u35
0.099436242,88,u35
0.076476443,89,u35
0,90,u35
0.002314439,91,u35
0.120460127,92,u35
0.055645617,93,u35
0.115676248,94,u35
0.120763366,95,u35
0.005825662,96,u35
0.01849506,98,u35
0.23009972,99,u35
0.033144516,100,u35
0.138613861,101,u35
0.031198198,102,u35
0.020445231,103,u35
0.027144633,104,u35
0.061055057,105,u35
0.308242255,106,u35
0.107649214,107,u35
0.124271224,108,u35
0.129749394,109,u35
0,110,u35
0.091581829,111,u35
0.040245969,112,u35
0.233714339,113,u35
0.046764571,114,u35
0,115,u35
0,116,u35
0,117,u35
0.018875233,118,u35
0.126299419,119,u35
0,120,u35
0.07160111,121,u35
0,122,u35
0,123,u35
0.021332489,124,u35
0,125,u35
0.084148634,126,u35
0.058261395,127,u35
0,128,u35
0,129,u35
0.09629314,130,u35
0.058300342,131,u35
0.053985593,132,u35
0.004178721,133,u35
0,134,u35
0.024175374,135,u35
0,136,u35
0,137,u35
0,138,u35
0.050869852,139,u35
0.00109755,140,u35
0,141,u35
0,142,u35
0,143,u35
0.075853518,144,u35
0.000647406,145,u35
0,146,u35
0.011480677,147,u35
0.076146789,148,u35
0.04641752,149,u35
0.051783279,150,u35
0.143155823,151,u35
0,86,u34
0.185778897,87,u34
0.198371805,88,u34
0.209080642,90,u34
0.00494145,91,u34
0.129396219,92,u34
0.105410697,93,u34
0.286750484,94,u34
0.045242007,95,u34
0.601734975,96,u34
0.695323015,97,u34
0.001412792,98,u34
0.123347013,99,u34
0.140012318,101,u34
0.015857168,102,u34
0.087768204,103,u34
0.160922949,105,u34
0.081089563,108,u34
0.102976669,109,u34
0.023022132,110,u34
0.012830396,112,u34
0.060863534,113,u34
0.046211953,114,u34
0.007269155,117,u34
0.030316804,118,u34
0.047986186,119,u34
0.08933518,126,u34
0.118498352,127,u34
0.03601034,128,u34
0.023532631,130,u34
0.070057908,131,u34
0.106945298,132,u34
0.00815803,133,u34
0.193448248,134,u34
0.112554113,135,u34
0.061802129,139,u34
0.007136485,140,u34
0.0108,86,u30
0.344995711,87,u30
0.157195098,88,u30
0.065288689,91,u30
0.098688159,92,u30
0.078672946,93,u30
0.038925756,94,u30
0.060081823,95,u30
0.042323046,98,u30
0.137636144,99,u30
0.054122006,100,u30
0.054253345,101,u30
0.047095235,102,u30
0.031590889,105,u30
0.029218296,106,u30
0.035439723,107,u30
0.06236319,108,u30
0.078604456,109,u30
0.118308423,110,u30
0.36762993,111,u30
0.04118551,112,u30
0.057886624,113,u30
0.031685678,114,u30
0.099700328,115,u30
0.06754634,116,u30
0.115969321,117,u30
0.027875526,118,u30
0.09956867,119,u30
0.021475795,120,u30
0.04253577,121,u30
0.022995649,122,u30
0.091232755,123,u30
0.012979449,124,u30
0.040837696,125,u30
0.094955675,126,u30
0.041692388,127,u30
0.057705912,128,u30
0.036553403,129,u30
0.075908177,130,u30
0.048443703,133,u30
0.059539079,134,u30
0.040408266,135,u30
0.0294027,136,u30
0.017645889,140,u30
0.02003174,141,u30
0.096451356,142,u30
0.062125919,143,u30
0.040491881,144,u30
0.029820051,145,u30
0.002297898,146,u30
0.009649529,147,u30
0.064488263,148,u30
0.122192237,149,u30
0.04224892,150,u30
0.033847394,151,u30
0.113318371,86,u08
0.078173016,87,u08
0.061577101,88,u08
0.047555892,89,u08
0.046487731,90,u08
0.217205554,91,u08
0.078362731,92,u08
0.077147309,93,u08
0.056147749,94,u08
0.098241806,95,u08
0.160963999,96,u08
0.012492425,97,u08
0.097826087,98,u08
0.078185949,99,u08
0.045095035,100,u08
0.069578221,101,u08
0.034322118,102,u08
0.020069456,103,u08
0.022499602,104,u08
0.074980268,105,u08
0.077827772,106,u08
0.100450948,107,u08
0.14232159,108,u08
0.158785566,109,u08
0.017963257,110,u08
0.033546159,111,u08
0.039543383,112,u08
0.06202933,113,u08
0.094132726,114,u08
0.03726457,115,u08
0.159060557,116,u08
0.068245959,117,u08
0.011656494,118,u08
0.115666459,119,u08
0.051621229,120,u08
0.115257385,121,u08
0.032840594,122,u08
0.054513143,123,u08
0.034110801,124,u08
0.096449017,125,u08
0.172749617,126,u08
0.043834317,127,u08
0.110538778,128,u08
0.070456467,129,u08
0.116324124,130,u08
0.048397462,131,u08
0.031021248,132,u08
0.072350865,133,u08
0.013158395,134,u08
0.046981011,135,u08
0.091377517,136,u08
0.060562459,137,u08
0.043181622,138,u08
0.056382629,139,u08
0.004735449,140,u08
0.075422365,141,u08
0.071944412,142,u08
0.08057474,143,u08
0.042431361,144,u08
0,145,u08
0.020833333,146,u08
0.0329112,147,u08
0.057027391,148,u08
0.124532311,86,u00
0.148759519,87,u00
0.18946797,88,u00
0.107845902,89,u00
0.631425317,90,u00
0.16189946,91,u00
0.0411854,92,u00
0.106090373,93,u00
0.108784597,94,u00
0.131354152,95,u00
0.533442221,96,u00
0.039988765,97,u00
0.13510387,98,u00
0.127349604,99,u00
0.147047119,100,u00
0.147156398,101,u00
0.105205838,102,u00
0.025939651,103,u00
0.007352245,104,u00
0.043193843,105,u00
0.078986587,106,u00
0.17862725,107,u00
0.062101175,108,u00
0.274028258,109,u00
0.019109429,111,u00
0.099093944,112,u00
0.035145524,113,u00
0.122048978,115,u00
0.110746355,116,u00
1.007637475,117,u00
0.19953021,119,u00
0.122955975,120,u00
0.258587446,121,u00
0.166914153,129,u00
0.168114706,130,u00
0.087204687,131,u00
0.097942755,132,u00
0.154980737,133,u00
0.024915848,134,u00
0.029908172,135,u00
0.233752801,136,u00
0.117944759,137,u00
0.306124175,143,u00
0.07328936,144,u00
0.317517546,145,u00
0.032731421,147,u00
0.107020856,148,u00
0.155699659,149,u00
0.233650561,150,u00
0.453318897,151,u00
0.014670682,86,u51
0.175192565,87,u51
0.068825232,88,u51
0.223990208,89,u51
0.103588317,90,u51
0.094980315,91,u51
0.076086504,92,u51
0.204121086,94,u51
0.150632476,95,u51
0.337039738,96,u51
0.257728639,97,u51
0.030520356,98,u51
0.052348833,99,u51
0.146740037,100,u51
0.223224407,101,u51
0.116822624,102,u51
0.157141662,103,u51
0.060445854,104,u51
0.170058256,105,u51
0.050517104,106,u51
0.071388677,107,u51
0.156772038,108,u51
0.062795211,109,u51
0.264133599,110,u51
0.0107163,111,u51
0.059192164,112,u51
0.14513908,113,u51
0.145771258,114,u51
0.168487453,115,u51
0.128582171,116,u51
0.0952586,117,u51
0.099396675,118,u51
0.094203427,119,u51
0.173734429,120,u51
0.060017234,122,u51
0.049772513,123,u51
0.569869694,124,u51
0.029363989,125,u51
0,126,u51
0,127,u51
0.019909513,128,u51
0.0740929,129,u51
0.038447292,130,u51
0.257116532,131,u51
0.495351182,132,u51
0.079051229,133,u51
0.049418605,134,u51
0.123642615,135,u51
0.102993771,136,u51
0.049177672,137,u51
0.890292028,138,u51
0.047362002,139,u51
0.285183794,140,u51
0.04772296,141,u51
0.103253182,142,u51
0.11523234,143,u51
0.281895078,144,u51
0.294630065,145,u51
0.06544376,146,u51
0.097609407,147,u51
0.038360057,148,u51
0.04954387,149,u51
0.166915274,150,u51
0.059489099,151,u51
0.068721244,86,u12
0.064270067,87,u12
0.047173208,88,u12
0.039835702,89,u12
0.049858814,90,u12
0.123248714,91,u12
0.070761015,92,u12
0.092779739,93,u12
0.042441638,94,u12
0.057506887,95,u12
0.061384941,96,u12
0.071003847,97,u12
0.179240538,98,u12
0.088042005,99,u12
0.049797412,100,u12
0.038006063,101,u12
0.054824233,102,u12
0.014641617,103,u12
0.022316768,104,u12
0.023870968,105,u12
0.110259359,106,u12
0.075674521,107,u12
0.021675628,108,u12
0.055010837,109,u12
0.025962945,110,u12
0.001433088,111,u12
0.012486892,112,u12
0.075033095,113,u12
0.065118744,114,u12
0.047619048,115,u12
0.112215101,116,u12
0.000463409,117,u12
0.018302111,118,u12
0.111503067,119,u12
0.180743243,120,u12
0.05130876,121,u12
0.101643239,122,u12
0.05119676,123,u12
0.074892924,124,u12
0.000980392,125,u12
0.031181619,126,u12
0.075249159,127,u12
0.106357544,128,u12
0.072602066,129,u12
0.04851033,130,u12
0.089380468,131,u12
0.070783045,132,u12
0.174121014,133,u12
0.17539925,134,u12
0.017450065,135,u12
0.145539345,136,u12
0.041798266,137,u12
0.04644257,138,u12
0.066131838,139,u12
0.114814663,140,u12
0.092629257,141,u12
0.085113598,142,u12
0.135350394,143,u12
0.105068898,144,u12
0.04753607,145,u12
0.04052917,146,u12
0.046892618,147,u12
0.108338227,148,u12
0.060830443,149,u12
0.205738625,150,u12
0.32967033,151,u12
0.152237292,86,u07
0.183429689,87,u07
0.059446189,88,u07
0.059836297,89,u07
0.075820237,90,u07
0.156356663,91,u07
0.099802917,92,u07
0.190514334,93,u07
0.087171706,94,u07
0.180527383,95,u07
0.117657873,98,u07
0.014511936,99,u07
0.041716983,100,u07
0.032394889,101,u07
0.06090162,102,u07
0,103,u07
0,104,u07
0.040446737,105,u07
0.024733287,106,u07
0.109030748,107,u07
0.100247111,108,u07
0.206574555,109,u07
0.040188577,110,u07
0.359184342,111,u07
0.009678969,112,u07
0.005374197,113,u07
0.04194146,114,u07
0.038237865,115,u07
0.02712687,116,u07
0.014787645,117,u07
0.014081282,118,u07
0.084449022,119,u07
0.037507784,120,u07
0.186822148,121,u07
0.064987299,122,u07
0.072452259,123,u07
0,124,u07
0,125,u07
0.089801337,126,u07
0.014623955,127,u07
0,128,u07
0,129,u07
0,130,u07
0,131,u07
0.047391639,132,u07
0.072625947,133,u07
0.020577735,134,u07
0.073726696,88,u52
0.087323072,89,u52
0.057765228,90,u52
0.08928905,91,u52
0.210900893,92,u52
0.413398204,93,u52
1.452096475,94,u52
0.096210873,95,u52
0.084477885,96,u52
0.06631012,97,u52
0.134299748,98,u52
0.079728191,99,u52
0.085094652,100,u52
0.057286542,101,u52
0.047446304,102,u52
0.031241094,103,u52
0.021083153,104,u52
0.056198824,105,u52
0.087191756,106,u52
0.051505436,107,u52
0.062534224,108,u52
0.094374776,109,u52
0.057437618,110,u52
0.027248933,111,u52
0.096368393,112,u52
0.057545786,113,u52
0.174692726,114,u52
0.111810226,115,u52
0.07845412,116,u52
0.042003171,117,u52
0.060351255,118,u52
0.066366583,119,u52
0.077273149,120,u52
0.04676232,121,u52
0.035809895,122,u52
0.122384759,123,u52
0.07173186,124,u52
0.070917692,125,u52
0.140578999,126,u52
0.046736058,127,u52
0.077902316,128,u52
0.210113748,129,u52
0.0789943,130,u52
0.0343479,131,u52
0.090959226,133,u52
0.102697604,134,u52
0.081564384,135,u52
0.107699013,136,u52
0.201188741,137,u52
0.010373709,138,u52
0.06590433,139,u52
0.062874251,140,u52
0.115300004,141,u52
0.084387995,142,u52
2,143,u52
2,144,u52
2,145,u52
2,146,u52
0.040447704,148,u52
0.10839121,149,u52
0.021330717,150,u52
0.042226488,151,u52
0.082004213,86,u22
0.118297159,87,u22
0.072993534,88,u22
0.082269504,89,u22
0.094600216,90,u22
0.020450564,91,u22
0.1738993,92,u22
0.050081272,93,u22
0.167423034,94,u22
0.119108936,95,u22
0.033196251,96,u22
0.02296544,97,u22
0.072811656,98,u22
0.160041507,99,u22
0.03193904,100,u22
0.178482914,101,u22
0.052124515,102,u22
0.10022916,103,u22
0.117383513,104,u22
0.070872847,105,u22
0.114419103,106,u22
0.069477412,107,u22
0.096783106,108,u22
0.078931751,109,u22
0.011941951,110,u22
0.113566605,111,u22
0.054358863,112,u22
0.11970862,113,u22
0.037075953,114,u22
0.149037545,115,u22
0.111462164,118,u22
0.091549296,119,u22
0.012871433,123,u22
0,124,u22
0.121630166,125,u22
0.002282704,126,u22
0.084595856,127,u22
0.000119813,128,u22
0.031411308,129,u22
0.057087444,130,u22
0.001811125,131,u22
0.122334639,132,u22
0.009743775,133,u22
0.084842061,134,u22
0.09058415,135,u22
0.102386884,136,u22
0.059468284,137,u22
0.010195343,138,u22
0.655221745,139,u22
0.034242081,140,u22
0.021934197,141,u22
0.141868724,142,u22
0.101378909,143,u22
0.012510187,144,u22
0.064453353,147,u22
0.008237953,148,u22
0.019255456,150,u22
0.026604423,151,u22
0,86,u43
0.052765463,91,u43
0.144437973,92,u43
0.067344078,93,u43
0.15475793,94,u43
0.156270433,95,u43
0.087466406,98,u43
0.037523749,99,u43
0.055651275,100,u43
0.358722119,101,u43
0.06053184,102,u43
0.097559667,103,u43
0.04838068,104,u43
0.076651565,105,u43
0.094634261,106,u43
0.077850182,107,u43
0.152284264,108,u43
0.246659815,109,u43
0.035419159,110,u43
0.112423521,111,u43
0.065513704,112,u43
0.030526214,113,u43
0.12945571,114,u43
0.232748623,115,u43
0.107825995,116,u43
0.108427797,117,u43
0.377922829,118,u43
0.074975866,119,u43
0.1101279,120,u43
0.077811954,121,u43
0.053260587,122,u43
0.028077754,123,u43
0.038836926,124,u43
0.027831715,125,u43
0.030504714,127,u43
0.01413204,128,u43
0.065899314,130,u43
0.04136164,131,u43
0.019109921,133,u43
0.007447984,134,u43
0.049956179,135,u43
0.011436153,136,u43
0.020907819,138,u43
0.013341525,139,u43
0.100419422,140,u43
0.048500319,141,u43
0.015502731,143,u43
0.033703624,144,u43
0.143604434,145,u43
0.161020063,146,u43
0.061118336,147,u43
0.057817719,148,u43
0.034565162,149,u43
0,86,u42
0,90,u42
0.009789887,91,u42
0.101519042,92,u42
0.033864994,93,u42
0.124715929,94,u42
0.114065749,95,u42
0.469843226,96,u42
0.040844666,98,u42
0.028365539,99,u42
0.008260262,100,u42
0.067493024,101,u42
0.019811485,102,u42
0.09505601,103,u42
0.026105208,104,u42
0,105,u42
0.049047231,106,u42
0.132539725,107,u42
0.105901656,108,u42
0.050224429,109,u42
0.00936697,111,u42
0.025536153,112,u42
0.026031036,113,u42
0.027697694,114,u42
0.026457324,116,u42
0,117,u42
0.000833203,118,u42
0.086171599,119,u42
0.031041601,120,u42
0.007231161,121,u42
0.112852207,122,u42
0.058507302,123,u42
0,124,u42
0.010120947,125,u42
0.026711471,126,u42
0.044168927,127,u42
0.005537296,128,u42
0.058473972,130,u42
0,131,u42
0.052715852,133,u42
0.067148594,134,u42
0.010250621,135,u42
2.01E-05,139,u42
0.071571645,141,u42
0,86,u41
0,87,u41
0.215264188,88,u41
0.013369091,89,u41
0.019388485,90,u41
0.054901404,91,u41
0.023722349,92,u41
0.063952472,93,u41
0.013969228,94,u41
0.033393161,95,u41
0.028307422,96,u41
0.040692446,99,u41
0.028516058,100,u41
0.030612683,101,u41
0.083948094,102,u41
0.000116682,103,u41
0.008069164,104,u41
0.02610945,105,u41
0.023859861,106,u41
0.028993313,109,u41
0.085184505,110,u41
0.019493803,111,u41
0.019475224,112,u41
0.041330739,113,u41
0.029238641,114,u41
0.03743045,115,u41
0.03978078,116,u41
0.024442539,117,u41
0.047892356,118,u41
0.092730688,119,u41
0.07450799,120,u41
0.04283929,121,u41
0,128,u41
0.078258126,130,u41
0.040223599,131,u41
0.010144987,132,u41
0.073661336,133,u41
0,134,u41
0,135,u41
0,136,u41
0.014391627,140,u41
0.022673129,141,u41
0.023864709,142,u41
0.139562771,144,u41
0.028727445,146,u41
0.00575037,147,u41
0.007483963,148,u41
0.028508054,149,u41
0.050577855,86,u02
0.072397809,87,u02
0.052918748,88,u02
0.161601186,89,u02
0.185670122,90,u02
0.067089703,91,u02
0.091907347,92,u02
0.056377413,93,u02
0.105598466,94,u02
0.089157208,95,u02
0.010329276,96,u02
0.04168375,97,u02
0.044779157,98,u02
0.086724711,99,u02
0.075740549,100,u02
0.05303979,101,u02
0.241186482,102,u02
0.065636201,103,u02
0.065300896,104,u02
0.047428163,105,u02
0.073492643,106,u02
0.061980145,107,u02
0.062103175,108,u02
0.079492766,109,u02
0.07840359,110,u02
0.041689385,111,u02
0.050400453,112,u02
0.076586517,113,u02
0.048581086,114,u02
0.051644928,115,u02
0.096293912,116,u02
0.127658601,117,u02
0.014217583,118,u02
0.086965546,119,u02
0.032515362,120,u02
0.05551945,121,u02
0.114,122,u02
0.168257373,123,u02
0.191388638,124,u02
0.027615011,125,u02
0.066347438,126,u02
0.114072067,127,u02
0.029758397,128,u02
0.073335327,129,u02
0.119333994,130,u02
0.032819277,131,u02
0.021335387,132,u02
0.081640175,133,u02
0.090383142,134,u02
0.102900081,135,u02
0.107071367,136,u02
0.144234845,137,u02
0.015796983,138,u02
0.012734226,139,u02
0.093967057,140,u02
0.092795463,141,u02
0.045476708,142,u02
0.065924516,143,u02
0.049791227,144,u02
0.015534064,145,u02
0.058483158,146,u02
0.026379531,147,u02
0.069677033,148,u02
0.033395579,149,u02
0.161995104,150,u02
0.083634851,151,u02
0.039881167,86,u16
0.038359898,87,u16
0.019875776,88,u16
0.044625837,89,u16
0.045750418,90,u16
0.06497244,91,u16
0.038485532,92,u16
0.076939968,93,u16
0.072610494,94,u16
0.07574077,95,u16
0.013413741,96,u16
0.028259562,97,u16
0.027177103,98,u16
0.084840513,99,u16
0.053067564,100,u16
0.062768795,101,u16
0.057198327,102,u16
0.010831382,103,u16
0.023252896,104,u16
0.010306655,105,u16
0.169522141,106,u16
0.055052056,107,u16
0.048885038,108,u16
0.030559708,109,u16
0,110,u16
0.012232846,111,u16
0.010975812,112,u16
0.128581096,113,u16
0.025696864,114,u16
0,115,u16
0.017913507,116,u16
0.008392815,117,u16
0.038914997,118,u16
0.073466961,119,u16
0.226908807,120,u16
0.024990024,121,u16
0.033414305,122,u16
0.051718385,123,u16
0.005255573,124,u16
0.021587197,125,u16
0.022005472,126,u16
0.226158272,127,u16
0.038385746,128,u16
0.10126827,129,u16
0.10336245,130,u16
0.116588001,131,u16
0.016126668,132,u16
0.042752967,133,u16
0.00918091,134,u16
0.043992817,135,u16
0.017378352,136,u16
0.034755394,137,u16
0.039901049,138,u16
0.057029058,139,u16
0.053918495,140,u16
0,141,u16
0.055851708,142,u16
0.005165039,143,u16
0.012299566,144,u16
0.044404332,145,u16
0.011701361,146,u16
0.10857755,147,u16
0.049167664,148,u16
0.002451231,87,u47
0.183735466,88,u47
0.002268386,90,u47
0.007502869,91,u47
0.099573257,93,u47
0.037550271,94,u47
0.035746771,95,u47
0.151765829,98,u47
0.03571133,101,u47
0.012402251,102,u47
2.55E-05,103,u47
0.116243371,104,u47
0.031376975,105,u47
0.016765331,106,u47
0.01962079,107,u47
0.009313688,108,u47
0.027121298,109,u47
0.024994793,110,u47
0.014253383,111,u47
0.050668374,112,u47
0.017567509,113,u47
0.082104953,114,u47
0.032262951,117,u47
0.027840612,119,u47
0.012687887,120,u47
0,122,u47
0.050553575,123,u47
0.004022526,125,u47
0,135,u47
0.034089516,138,u47
0.065424637,139,u47
0.215701155,140,u47
0.084281217,141,u47
0.168683511,142,u47
0.228071923,143,u47
0.255127227,144,u47
0.043951065,145,u47
0.00345882,146,u47
0.118042651,147,u47
0.11274195,148,u47
0.230369844,149,u47
0.035586673,86,u05
0.030880382,87,u05
0.046308725,88,u05
0.102567054,89,u05
0.072763837,91,u05
0.026854821,92,u05
0.037349031,93,u05
0.047446791,94,u05
0.035786883,95,u05
0.027321387,96,u05
0.001925806,97,u05
0.091652661,98,u05
0.102849991,99,u05
0.170129361,100,u05
0.105640581,101,u05
0.023991103,102,u05
0.180305755,103,u05
0.074934268,104,u05
0.030042522,105,u05
0,106,u05
0.030796219,107,u05
0.042952771,108,u05
0.131985274,109,u05
0.031880549,110,u05
0.038524387,111,u05
0.016966778,112,u05
0.018454898,113,u05
0.047360867,114,u05
0.056613302,115,u05
0.083300895,116,u05
0.012854728,117,u05
0.017624371,118,u05
0.02037148,119,u05
0,120,u05
0.006696035,121,u05
0.007260827,122,u05
0.038782219,123,u05
0,124,u05
0.006076701,125,u05
0.042171571,126,u05
0.055385807,128,u05
0.001272314,129,u05
0.017885255,130,u05
0.023475082,131,u05
0.013208763,132,u05
0.004947823,133,u05
0.014558574,134,u05
0.033598585,135,u05
0.007911063,136,u05
0,137,u05
0.034754432,138,u05
0.01368665,139,u05
0.055958499,140,u05
0.076475311,141,u05
0.037026659,142,u05
0.043737495,143,u05
0.064535956,144,u05
0.017087379,147,u05
0.066913375,148,u05
0,86,u45
0.109584183,92,u45
0.0557392,93,u45
0.085027627,94,u45
0.097792832,95,u45
0.240429819,96,u45
0.080930381,98,u45
0.093160157,99,u45
0.001856641,100,u45
0.115459089,101,u45
0.057160978,102,u45
0.115743123,103,u45
0.036596304,104,u45
0.000127275,105,u45
0.122763004,107,u45
0.073736679,108,u45
0.158098545,109,u45
0.037989648,111,u45
0.01245977,112,u45
0.142114546,113,u45
0,117,u45
0.000807392,118,u45
0.02608947,119,u45
0.168460631,120,u45
0,124,u45
0.033330934,125,u45
0.277840754,126,u45
0.061351728,127,u45
0.052765162,128,u45
0,129,u45
0.215791354,130,u45
0.030461858,131,u45
0.008631888,132,u45
0.039880129,133,u45
0.066430738,134,u45
0.041804249,135,u45
0.083055092,137,u45
0,139,u45
0.102935421,140,u45
0.032762572,141,u45
0.020133517,144,u45
0.042931669,145,u45
0,146,u45
0.01354416,147,u45
0.04201995,148,u45
0.114054419,86,u17
0.053527981,87,u17
0.022438781,88,u17
0.000683901,89,u17
0,90,u17
0.043364614,91,u17
0.017688092,92,u17
0.070201328,93,u17
0.057788835,94,u17
0.047196966,95,u17
0.030650354,96,u17
0.008801655,97,u17
0.025667307,98,u17
0,99,u17
0.051813051,100,u17
0.069034141,101,u17
0.015243416,102,u17
0,103,u17
0.021304981,104,u17
0.043898477,105,u17
0.001047175,106,u17
0.053189745,107,u17
0.035316285,108,u17
0.047992255,109,u17
0.005090786,110,u17
0.010998388,111,u17
0.027579477,112,u17
0.035597974,113,u17
0.032931453,114,u17
0.082689003,115,u17
0.088276234,116,u17
0.037895633,117,u17
0,118,u17
0.096802473,119,u17
0.008412971,120,u17
0.066358265,121,u17
0.051988109,122,u17
0.026521656,123,u17
0,124,u17
0.002541717,125,u17
0.11007759,126,u17
0.037234507,127,u17
0.027914059,128,u17
0.186250281,129,u17
0.008486276,131,u17
0.020501548,132,u17
0.086124862,133,u17
0.026433216,134,u17
0.044180052,135,u17
0,136,u17
0.045674152,137,u17
0,138,u17
0,139,u17
0.047001153,140,u17
0.022309651,141,u17
0.078519121,142,u17
0.055831503,143,u17
0.076323676,144,u17
0.011973714,145,u17
0,146,u17
0,147,u17
0.042493685,148,u17
0.106711551,149,u17
0,150,u17
0,151,u17
0,86,u49
0.038053458,87,u49
0.11501117,88,u49
0.034761999,89,u49
0.113438542,90,u49
0.026020163,91,u49
0.061475588,92,u49
0.057933579,93,u49
0.018798529,94,u49
0.126249167,95,u49
0.069700095,96,u49
0.524404484,97,u49
0.040833171,98,u49
0.07052322,99,u49
0.061090399,100,u49
0.071078431,101,u49
0.072741359,102,u49
0.388722837,103,u49
0.082303087,104,u49
0.073779931,105,u49
0.026508027,106,u49
0.060400756,107,u49
0.029248875,108,u49
0.066895611,109,u49
0.018342078,110,u49
0.060454267,111,u49
0.042526155,112,u49
0.034037053,113,u49
0.082199824,114,u49
0.084914401,115,u49
0.064951936,116,u49
0.029271775,117,u49
0.036981157,118,u49
0.102713264,119,u49
0.049079755,120,u49
0.045354456,121,u49
0.084926073,122,u49
0.10621441,123,u49
0.010040161,124,u49
0.127325124,125,u49
0.057949598,126,u49
0.090165403,127,u49
0.072295248,132,u49
0.009026147,133,u49
0.019335995,134,u49
0.018397124,135,u49
0.010779436,136,u49
0.019201379,137,u49
0.000183453,138,u49
0.017839792,139,u49
0.012617942,140,u49
0.023125194,141,u49
0.039227895,142,u49
0.02164892,143,u49
0.011356891,144,u49
0.014626142,145,u49
0.008428733,146,u49
0.042407584,147,u49
0.011537053,148,u49
0.013571457,149,u49
0.013813397,150,u49
0.029839807,151,u49
0.030957151,86,u09
0.065067354,87,u09
0.252028899,88,u09
0.394915254,89,u09
0.777488614,90,u09
0.072223367,91,u09
0.057886425,92,u09
0.041696247,93,u09
0.05056322,94,u09
0.090173256,95,u09
0.062096885,96,u09
0.126062925,97,u09
0.13478999,98,u09
0.106757032,99,u09
0.028509679,100,u09
0.07552957,101,u09
0.094517185,102,u09
0.092106467,103,u09
0.052489684,104,u09
0.035783366,105,u09
0.031681254,106,u09
0.077264914,107,u09
0.170151406,108,u09
0.13400077,109,u09
0.240265586,110,u09
0.241111201,111,u09
0.034490482,112,u09
0.049110015,113,u09
0.053121299,114,u09
0.116542699,115,u09
0.118375345,116,u09
0.152682152,117,u09
0.170519587,118,u09
0.079612232,119,u09
0.057288458,120,u09
0.063453576,121,u09
0.038587595,122,u09
0.066942272,123,u09
0.022717049,124,u09
0.031543996,125,u09
0.087266532,126,u09
0.017532557,127,u09
0.071853893,128,u09
0.140000816,129,u09
0.13556452,130,u09
0.048096526,131,u09
0.058390706,132,u09
0.044727513,133,u09
0.0726773,134,u09
0.121057076,135,u09
0.09080799,136,u09
0.058617673,137,u09
0.197762769,138,u09
0.108075601,139,u09
0.041265225,140,u09
0.045367199,141,u09
0.064197842,142,u09
0.036108795,143,u09
0.035553027,144,u09
0.038194114,145,u09
0.201717844,146,u09
0.098864939,147,u09
0,148,u09
0.111319501,149,u09
0.036979628,151,u09
0.056403451,86,u32
0.044691009,87,u32
0.047587341,88,u32
0.062591475,89,u32
0.143882044,90,u32
0.052244965,91,u32
0.083035535,92,u32
0.065358121,93,u32
0.038814041,94,u32
0.053699643,95,u32
0.055413322,96,u32
0,97,u32
0.046956447,98,u32
0.019416188,99,u32
0.076794249,100,u32
0.068519823,101,u32
0.080444281,102,u32
0.07922147,103,u32
0.016887187,107,u32
0.055203046,108,u32
0.076685916,109,u32
0.10698434,110,u32
0.045059505,111,u32
0.032880821,112,u32
0.062966481,113,u32
0.185323122,114,u32
0.054138973,115,u32
0.071846248,116,u32
0.10316676,117,u32
0.032608311,118,u32
0.094830488,119,u32
0.051939404,120,u32
0.109608353,121,u32
0.048863935,122,u32
0.077158103,123,u32
0.152210481,126,u32
0.05660153,127,u32
0.048265767,128,u32
0.069070735,129,u32
0.085814433,130,u32
0.264485344,131,u32
0.106804734,132,u32
0.038326213,133,u32
0.074209143,134,u32
0.108702022,135,u32
0.233326677,136,u32
0.504211541,137,u32
0.506557196,138,u32
0.061535244,139,u32
0.038352323,140,u32
0.038676439,141,u32
0.067051428,142,u32
0.292730997,143,u32
0.117237758,144,u32
0.175339989,145,u32
0.398850968,146,u32
0.111090902,147,u32
0.18017024,148,u32
0.038945247,149,u32
0.01854938,150,u32
0.10136539,151,u32
0,86,u36
0,87,u36
0.003615223,88,u36
0.154759845,89,u36
0.099467936,90,u36
0.090653054,91,u36
0.099939692,92,u36
0.073104731,93,u36
0.066954851,94,u36
0.055655375,95,u36
0.039197812,96,u36
0.083626198,97,u36
0.168148047,98,u36
0.011502465,99,u36
0.026327073,100,u36
0.029459067,101,u36
0.016230229,102,u36
0.045648277,103,u36
0.246850733,104,u36
0.022256422,105,u36
0.046916472,106,u36
0.039006811,107,u36
0.157763048,108,u36
0.143494424,109,u36
0.267162261,110,u36
0.20769873,111,u36
0.289973014,112,u36
0.439515005,113,u36
0.177520951,114,u36
0.072115598,115,u36
0.000368528,116,u36
0.027161149,117,u36
0.122949199,118,u36
0,119,u36
0.003918759,120,u36
0.202009396,121,u36
0.167032021,122,u36
0.076671791,123,u36
0.426020205,124,u36
0.095132325,125,u36
0.106129744,126,u36
0.149565972,127,u36
0.124495367,128,u36
0.06981409,129,u36
0.029609446,130,u36
0.131580238,131,u36
0.152956849,132,u36
0.07137563,133,u36
0.057563331,134,u36
0.034151314,135,u36
0.178993042,136,u36
0.05494829,137,u36
0.031611671,139,u36
0.033231196,140,u36
0.036206775,141,u36
0.023178102,142,u36
0.05477314,143,u36
0.202247669,144,u36
0.016501202,145,u36
0.39742196,146,u36
0.086894949,147,u36
0,148,u36
0.051662623,149,u36
0.144297155,150,u36
0.113339825,151,u36
0.095314397,86,u04
0.169156627,87,u04
0.333820606,88,u04
0.196543866,89,u04
0.223722565,90,u04
0.133261318,91,u04
0.166641441,92,u04
0.097318145,93,u04
0.183822032,94,u04
0.175589391,95,u04
0.390423573,96,u04
0.054239878,97,u04
0.077385835,98,u04
0.136156923,99,u04
0.269338505,100,u04
0.137774295,101,u04
0.145494202,102,u04
0.181197625,103,u04
0.095306686,104,u04
0.112038038,105,u04
0.128665294,106,u04
0.133550028,107,u04
0.121611755,108,u04
0.046408089,109,u04
0.189596966,110,u04
0.070935481,111,u04
0.099509035,112,u04
0.075454294,113,u04
0.163693289,114,u04
0.151859594,115,u04
0.175288585,116,u04
0.09587095,117,u04
0.151490877,118,u04
0.106134372,119,u04
0.031553843,120,u04
0.119006355,121,u04
0.099722279,122,u04
0.620739517,125,u04
0.055361944,126,u04
0.103949094,127,u04
0.082544257,128,u04
0.149001201,129,u04
0.072462419,130,u04
0.154151177,131,u04
0.140393356,132,u04
0.10724347,133,u04
0.149726349,134,u04
0.109248473,135,u04
0.133330123,136,u04
0.197317919,137,u04
0.047832823,138,u04
0.127184875,139,u04
0.100700623,140,u04
0.064210631,141,u04
0.073734479,142,u04
0.018244099,86,u58
0.022166083,87,u58
0.010544124,88,u58
0.107858183,89,u58
0.007984338,90,u58
0.09487935,91,u58
0.08355218,92,u58
0.070061902,93,u58
0.069376103,94,u58
0.02736399,95,u58
0.062932977,96,u58
0.102442069,97,u58
0.021870343,98,u58
0.087447564,99,u58
0.289382089,100,u58
0.322211982,101,u58
0.039924478,102,u58
0.066136869,103,u58
0.037072193,104,u58
0.086133833,105,u58
0.025217298,106,u58
0.088013345,107,u58
0.047711371,108,u58
0.08987937,109,u58
0.096946994,110,u58
0.049593115,111,u58
0.017295026,112,u58
0.182390461,113,u58
0.059744909,114,u58
0.089006719,115,u58
0.018852955,116,u58
0.069112842,117,u58
0.000601074,118,u58
0.016135598,119,u58
0.05182851,120,u58
0.02103941,121,u58
0.093303325,122,u58
0.081797911,123,u58
0,125,u58
0.117839857,126,u58
0.036190476,127,u58
0.053985154,128,u58
0.141260504,129,u58
0.015702175,130,u58
0,131,u58
0.017047769,132,u58
0.022672745,133,u58
0.126260092,134,u58
0,135,u58
0.175098988,136,u58
0.07156272,137,u58
0.169463978,138,u58
0,139,u58
0.000218063,140,u58
0.051831529,141,u58
0,142,u58
0.155932595,143,u58
0,144,u58
0,145,u58
0,146,u58
0.112875303,147,u58
0.110095338,148,u58
0.148684099,86,u59
0.100774596,87,u59
0.110600314,88,u59
0.044685705,89,u59
0.038032752,90,u59
0.183792729,91,u59
0.084249581,92,u59
0.183339709,93,u59
0.123826685,94,u59
0.024554172,95,u59
0.030014461,96,u59
0.092626928,97,u59
0.145969086,98,u59
0.107581464,99,u59
0.289082157,100,u59
0.121524811,101,u59
0.092395868,102,u59
0.025852755,103,u59
0.146707327,104,u59
0.074718692,105,u59
0.189603498,106,u59
0.056483843,107,u59
0.039123347,108,u59
0.252929778,109,u59
0.035390433,110,u59
0.109249151,111,u59
0.129757785,112,u59
0.087563872,113,u59
0.054711246,114,u59
0.250031941,115,u59
0.153619866,116,u59
0.010407321,117,u59
0.305272618,118,u59
0.116727507,119,u59
0.083333333,120,u59
0.201428018,121,u59
0.128159757,122,u59
0.045015783,123,u59
0.024418293,124,u59
0.042945582,125,u59
0.032364975,126,u59
0.143305576,127,u59
0.11079662,128,u59
0.185592796,129,u59
0.213074532,130,u59
0.061608509,132,u59
0.169423398,133,u59
0.152437145,135,u59
0.084707784,136,u59
0.130345885,137,u59
0.057193606,138,u59
0.07596832,139,u59
0.20459307,140,u59
0.093936492,141,u59
0.089507892,142,u59
0.114657766,143,u59
0.096165911,144,u59
0.084453049,145,u59
0.151067937,146,u59
0.164715335,147,u59
0.174926141,148,u59
0.080311206,149,u59
0.165606464,150,u59
0.29036041,151,u59
0.02868401,86,u15
0,87,u15
0.05361878,88,u15
0.012847563,89,u15
0.012135611,90,u15
0.017491351,91,u15
0.048510912,93,u15
0.013976719,95,u15
0.028037383,96,u15
0.171240395,97,u15
0.033663897,98,u15
0.065966539,99,u15
0.023021836,100,u15
0.00347717,102,u15
0.063031393,103,u15
0.004855,104,u15
0.021190617,105,u15
0.046632124,106,u15
0.05469978,107,u15
0.033618863,108,u15
0.015763985,109,u15
0.302684441,110,u15
0.035953909,111,u15
0.047266515,112,u15
0.030760017,113,u15
0.043020904,115,u15
0.028054213,118,u15
0.026348871,119,u15
0.088094605,120,u15
0.032386251,125,u15
0.110993352,126,u15
0.010013139,128,u15
0.041373509,130,u15
0.074544846,133,u15
0.015989825,134,u15
0.03103682,135,u15
0.157394844,145,u15
0,147,u15
0.005276873,148,u15
0.038355788,149,u15
0.071209801,86,u33
0.092863392,87,u33
0.084358752,88,u33
0.09600729,89,u33
0.097293735,90,u33
0.095349517,91,u33
0,92,u33
0.046218829,93,u33
0.045562078,94,u33
0.06993785,95,u33
0.007652955,96,u33
0.016886274,97,u33
0.080169312,98,u33
0.00353708,99,u33
0.044790193,100,u33
0.05476472,101,u33
0.047712652,102,u33
0.00889345,103,u33
0.001507808,104,u33
0.043713798,105,u33
0,106,u33
0.052228202,107,u33
0.041593877,108,u33
0.096270352,109,u33
0.001370226,110,u33
0.018037567,111,u33
0.009308829,112,u33
0.001391416,113,u33
0.045917148,114,u33
0.000444247,115,u33
0.069367346,116,u33
0.186169453,117,u33
0.067204758,118,u33
0.033106677,119,u33
0.064953313,120,u33
0.008597911,121,u33
0.010425892,122,u33
0.050663934,123,u33
0.06726874,124,u33
0.095830193,125,u33
0.061256396,126,u33
0.020044928,127,u33
0.02268088,128,u33
0.01715138,129,u33
0.229328694,130,u33
0.165039295,131,u33
0.371496136,132,u33
0.050237969,133,u33
0.00249456,134,u33
0.001095233,135,u33
0.044479213,136,u33
0,137,u33
0.037629007,142,u33
0,88,u13
0.009952855,91,u13
0.041790703,92,u13
0.005224826,93,u13
0.121295896,94,u13
0.046489419,95,u13
0.023492975,96,u13
0.010045386,97,u13
0.024216524,99,u13
0.035412978,100,u13
0.005455398,101,u13
0.0514532,102,u13
0.034296619,103,u13
0.047996977,104,u13
0.026022305,105,u13
0.093516925,106,u13
0.034720351,107,u13
0.091910479,108,u13
0.006922733,109,u13
0.042386522,110,u13
0.008308751,111,u13
0.062592566,112,u13
0.069829087,113,u13
0.074616853,114,u13
0.026679203,115,u13
0.082323477,116,u13
0.001380516,117,u13
0.061342456,118,u13
0,119,u13
0,120,u13
0.021585871,121,u13
0,122,u13
0.037839527,124,u13
0.02124664,125,u13
0.103262021,126,u13
0.016780078,130,u13
0.014478654,131,u13
0.508826031,132,u13
0.073551227,133,u13
0.120189117,134,u13
0.06530551,135,u13
0.176512287,136,u13
0.030914182,137,u13
0.038524497,139,u13
0.001908047,140,u13
0.053394229,141,u13
0.02883897,142,u13
0.00040361,143,u13
0.251916577,144,u13
0.051791531,145,u13
0.31399251,146,u13
0.163499604,147,u13
0.008581173,148,u13
0.007552134,149,u13
0.008379479,86,u31
0.082080789,87,u31
0.040998164,88,u31
0.082732977,89,u31
0.024283682,90,u31
0.01140466,91,u31
0.106900291,92,u31
0.050014209,93,u31
0.084039719,94,u31
0.142911408,95,u31
0.103896104,96,u31
0.041571725,97,u31
0.152199628,98,u31
0.119488818,99,u31
0.025388361,100,u31
0.159992985,101,u31
0.030363856,102,u31
0.284319152,103,u31
0.023226081,104,u31
0.068897043,105,u31
0.111393753,106,u31
0.067833511,107,u31
0.043956044,108,u31
0.039906769,109,u31
0.009367776,110,u31
0.138034759,111,u31
0.177065838,112,u31
0.000732518,114,u31
0.145057049,115,u31
0.008555654,116,u31
0.003408557,118,u31
0.076587352,119,u31
0.064213149,120,u31
0.055446982,121,u31
0.053186504,122,u31
0.004432173,123,u31
7.18E-05,124,u31
0.010502966,125,u31
0.043196044,126,u31
0.188768756,127,u31
0.228764875,128,u31
0.189614007,129,u31
0.264412382,130,u31
0.031721571,131,u31
0.052578558,132,u31
0.272437212,133,u31
0.060857643,134,u31
0.04914053,135,u31
0.150256208,136,u31
0,137,u31
0.045593434,138,u31
0.10540776,139,u31
0.274722276,140,u31
0.114601841,141,u31
0.096767509,142,u31
0.108846732,143,u31
0.212311773,145,u31
0.078545656,146,u31
0.145671061,147,u31
0.394724718,148,u31
