evening indoor mobility,day,uid
0,91,u44
0.008625989,92,u44
0.00139977,94,u44
0,95,u44
0.004852394,96,u44
0.008306993,97,u44
0.000729619,98,u44
0.003119842,99,u44
0.007436093,101,u44
0.073477831,102,u44
0.006981541,103,u44
0.104220779,105,u44
0.002770642,106,u44
0.011860623,109,u44
0.007522972,110,u44
0,111,u44
0.004128269,112,u44
0.005766589,114,u44
0.006780629,115,u44
0.247714808,116,u44
0.014832753,117,u44
0.009968633,118,u44
0.074341943,119,u44
9.28E-05,120,u44
0.00172461,123,u44
0,126,u44
0.006051738,127,u44
0.183498066,128,u44
0.009759252,130,u44
0,131,u44
0.000899429,133,u44
0.027061204,134,u44
0.004034362,136,u44
0.007227473,137,u44
0.054385454,138,u44
0.00405563,140,u44
0.00222752,141,u44
0.003039967,143,u44
0.002334808,145,u44
0,146,u44
0.014708845,147,u44
0,148,u44
0,149,u44
0,150,u44
0.016687305,86,u20
0.002625202,87,u20
0.015044354,88,u20
0,89,u20
0.066845278,90,u20
0.02133624,91,u20
0.03021478,92,u20
0.088288615,93,u20
0,94,u20
0,95,u20
0,96,u20
0.029400079,97,u20
0,98,u20
0.022648084,99,u20
0,100,u20
0.052724377,101,u20
0,102,u20
0.000811112,103,u20
0,104,u20
0,110,u20
0,111,u20
0,112,u20
0.069843185,113,u20
0.061807788,114,u20
0.013781065,115,u20
0.119228303,116,u20
0.048456942,117,u20
0.058192057,118,u20
0.053523319,119,u20
0.060589216,120,u20
0.10425,124,u20
0,125,u20
0,126,u20
0,127,u20
0.011014074,130,u20
0.032430568,131,u20
0,132,u20
0.000688784,133,u20
0,134,u20
0.01602201,135,u20
0,136,u20
0.010309278,137,u20
0.029694128,139,u20
0,140,u20
0.022863509,86,u19
0.054230531,87,u19
0,88,u19
1,89,u19
0.001057753,90,u19
0.042275372,91,u19
0.056111247,92,u19
0.016393443,93,u19
0,94,u19
0.015191249,95,u19
0,96,u19
0,97,u19
0.053953018,98,u19
0.017920735,99,u19
0.0236249,100,u19
0,101,u19
0.022418864,102,u19
0.031540848,103,u19
0.046251659,104,u19
0.000118631,105,u19
0.034580838,106,u19
0.066879172,107,u19
0.008669211,108,u19
0.026858214,109,u19
0.000835261,110,u19
0.015585759,111,u19
0.01517919,112,u19
0.025056169,113,u19
0.01080268,114,u19
0.054824926,115,u19
0,116,u19
0.011799693,117,u19
0.03069885,118,u19
0.077371395,119,u19
0,120,u19
0.000970638,121,u19
0.00094896,122,u19
0.024732318,123,u19
0.000415326,124,u19
0.0223449,125,u19
0.00077914,126,u19
0.030436206,127,u19
0.013399045,128,u19
0.03489651,129,u19
0.030437669,130,u19
0.02748394,131,u19
0,132,u19
0.021376019,133,u19
0.011018632,134,u19
0.014522219,135,u19
0.005729167,136,u19
0.012485812,137,u19
0.033136759,138,u19
0.031350359,139,u19
0.034244102,140,u19
0.041538228,141,u19
0.011784601,142,u19
0.053118555,143,u19
0.030263224,144,u19
0.005116475,145,u19
0.023166892,146,u19
0.012489416,147,u19
0.00045483,148,u19
0,149,u19
0,150,u19
0.199546742,151,u19
0.00944251,86,u18
0.033005809,87,u18
0,88,u18
0.091379698,89,u18
0.020579121,90,u18
0,91,u18
0.063386944,92,u18
0.044096816,93,u18
0,94,u18
0.00046401,95,u18
0,96,u18
0,97,u18
0.025870091,98,u18
0.036780444,99,u18
0.010025238,100,u18
0.045478937,101,u18
0,102,u18
0,103,u18
0.040765708,104,u18
0.034788316,105,u18
0.041542462,106,u18
0.063202999,107,u18
0.032726068,108,u18
0.020393474,109,u18
0.021714286,110,u18
0.056031779,111,u18
0.014064783,112,u18
0.073040624,113,u18
0.04244186,114,u18
0.046790475,115,u18
0.010957242,116,u18
0.033742144,118,u18
0.01467161,119,u18
0,120,u18
0,121,u18
0.002075496,122,u18
0,123,u18
0.000661113,124,u18
0,125,u18
0,126,u18
0.120478036,127,u18
0.03168059,134,u18
0.00918216,135,u18
0.014010889,136,u18
0,137,u18
0,138,u18
0,139,u18
0,140,u18
0,141,u18
0,142,u18
0.024702207,143,u18
0.000229001,144,u18
0.001880561,145,u18
0.051383167,146,u18
0.012330456,147,u18
0.087827033,86,u14
0.377659903,87,u14
0.389019762,88,u14
0.235889799,89,u14
0.008161611,90,u14
0.034033714,91,u14
0.465933037,92,u14
0.182152062,93,u14
0.30582785,94,u14
0.665523691,95,u14
0.133984375,96,u14
0.041328324,97,u14
0.042245552,98,u14
0.442438591,99,u14
0.121797207,100,u14
0.011973658,101,u14
0.756284057,102,u14
0.295375642,103,u14
0.053352734,104,u14
0.186366885,105,u14
0.023238432,106,u14
0.125501181,107,u14
0.208818165,108,u14
0.593815928,109,u14
0.034634794,110,u14
0.007731434,111,u14
0.203985932,112,u14
0.095829459,113,u14
0.380329631,114,u14
0.085392875,115,u14
0.441801521,116,u14
0.171274617,117,u14
0.000765931,118,u14
0.040345369,119,u14
0.022958818,120,u14
0.237690141,121,u14
0.214119119,122,u14
0.640029147,123,u14
0.088883705,124,u14
0.008318694,125,u14
0.273602282,126,u14
0.136190476,127,u14
0,128,u14
0.234928359,129,u14
0.337178255,131,u14
0.02917121,132,u14
0.252320955,133,u14
0.064991661,134,u14
0,136,u14
0,139,u14
0,140,u14
0.036919479,142,u14
0,143,u14
0.000167813,145,u14
0,146,u14
0,147,u14
0.000653858,148,u14
0,149,u14
0.001305928,86,u54
0.17975551,87,u54
0.135121062,88,u54
0.208918081,89,u54
0.405135675,90,u54
0.065242057,91,u54
0.049848421,92,u54
0.244821634,93,u54
0.058570082,94,u54
0.09321327,95,u54
0.016840447,96,u54
0.040406247,97,u54
0.008623934,101,u54
0.043594137,102,u54
0.076604346,103,u54
0.019555248,104,u54
0.03328875,105,u54
0.048571005,106,u54
0.000236035,107,u54
0.032977734,108,u54
0,109,u54
0.15464684,110,u54
0.01789764,111,u54
0.006071214,112,u54
0.076447498,113,u54
0.023400936,114,u54
0.016711507,115,u54
0.082511042,116,u54
0.00313858,117,u54
0.039330544,118,u54
0.09184598,119,u54
0.001038422,120,u54
0.064335865,121,u54
0.001535483,122,u54
0,123,u54
0.025050634,124,u54
0.061048787,125,u54
0.109858416,126,u54
0.054396653,127,u54
0.141444249,128,u54
0.000858553,129,u54
0.001610081,148,u54
0.023231674,149,u54
0.0455783,86,u57
0.07791352,87,u57
0.17140282,88,u57
0.148838024,89,u57
0.055981203,90,u57
0.055595081,91,u57
0.062427184,92,u57
0.152269049,93,u57
0.121363093,94,u57
0.313570266,95,u57
0.020558647,96,u57
0.108034571,97,u57
0.17000924,98,u57
0.09464027,99,u57
0.099041984,100,u57
0.033224576,101,u57
0.088957545,102,u57
0.07441568,103,u57
0.050566185,104,u57
0.063009903,105,u57
0.025378027,106,u57
0.181345777,107,u57
0.043892259,108,u57
0.142399669,109,u57
0.042405305,110,u57
0.099906783,111,u57
0.077925235,112,u57
0.060458364,113,u57
0.031804225,114,u57
0.094434559,115,u57
0.033586506,116,u57
0.100790837,117,u57
0.090457805,118,u57
0.092683612,119,u57
0.134109442,120,u57
0.068363451,121,u57
0.039118727,122,u57
0.05677526,123,u57
0.100392684,124,u57
0.061103675,125,u57
0.068300485,126,u57
0.080956762,127,u57
0.201897578,128,u57
0.063532255,129,u57
0.25395703,130,u57
0.118692512,131,u57
0.119368579,132,u57
0.057388267,133,u57
0.059763503,134,u57
0.086673087,135,u57
0.179444833,136,u57
0.205257536,137,u57
0.257865973,138,u57
0.163504095,139,u57
0.140171052,140,u57
0.157717595,141,u57
0.170102834,142,u57
0.171180575,143,u57
0.443077965,144,u57
0.021391454,145,u57
0.071914383,146,u57
0.056938504,147,u57
0.141820055,148,u57
0.006220072,149,u57
0.165414719,150,u57
0.09992798,151,u57
0.23561418,90,u46
0.045708481,91,u46
0.009243431,92,u46
0.021118421,93,u46
0.206984479,94,u46
0.475383492,95,u46
0.340344062,96,u46
0.121630888,97,u46
0.137127371,98,u46
0.139708248,99,u46
0.421487603,100,u46
0.254821502,101,u46
0.484932249,102,u46
0.089317142,103,u46
0.021671986,104,u46
0.210949733,105,u46
0.085406712,106,u46
0.334589107,107,u46
0.062023033,108,u46
0.178431962,109,u46
0.132501865,110,u46
0.125310653,111,u46
0.263486655,112,u46
0.210901105,113,u46
0.292742237,114,u46
0.079194479,115,u46
0.254120119,116,u46
0.068563127,117,u46
0.030885312,118,u46
0.248985115,119,u46
0.043799985,120,u46
0.193797435,121,u46
0.31526336,122,u46
0.489678135,123,u46
0.209514283,124,u46
0.208232976,125,u46
0.269398984,126,u46
0.292481977,127,u46
0.350434878,128,u46
0.033872086,129,u46
0.477416657,130,u46
0.293642785,131,u46
0.206959043,132,u46
0.2534007,133,u46
0.156410256,134,u46
0.288485686,135,u46
0.291164537,136,u46
0.304814835,137,u46
0.0904508,138,u46
0.023010013,139,u46
0.547257575,140,u46
0.318200969,141,u46
0.068467659,142,u46
0,86,u10
0,87,u10
0,88,u10
0.01482272,89,u10
0.000323974,90,u10
0.014180191,91,u10
0.036878365,92,u10
0.025981393,93,u10
0,94,u10
0.012533176,95,u10
0.035743745,96,u10
0.00618047,97,u10
0.024074268,98,u10
0.007541927,99,u10
0.018253832,100,u10
0.029204124,101,u10
0.007694074,102,u10
0,103,u10
0.0191969,104,u10
0.010849365,105,u10
0.026614786,106,u10
0.061129032,107,u10
0.00591623,108,u10
0.036885033,109,u10
0,110,u10
0.031730267,111,u10
0.023868512,112,u10
0.039727858,113,u10
0.026124173,114,u10
0.029738367,115,u10
0.011324965,116,u10
0.000758917,117,u10
0.029732057,118,u10
0,119,u10
0.004096901,120,u10
0.011285075,121,u10
0.010491288,122,u10
0.021079173,123,u10
0.013742675,124,u10
0.024142808,125,u10
0.052614485,126,u10
0,127,u10
0.0665718,128,u10
0.023764926,129,u10
0.006145795,130,u10
0.016374504,131,u10
0.032600875,132,u10
0.0058295,133,u10
0.051522248,134,u10
0.011238095,135,u10
0.029834772,136,u10
0,137,u10
0.012842966,138,u10
0.075709779,139,u10
0.02587519,140,u10
0.035927422,141,u10
0.038189024,142,u10
0.042286741,143,u10
0,144,u10
0.062158065,145,u10
0.088752508,147,u10
0.099620093,148,u10
0,149,u10
0.102166815,150,u10
0.215704825,86,u25
0.056587707,87,u25
0,88,u25
0.068342072,90,u25
0.014145181,91,u25
0.116163462,92,u25
0.171727749,93,u25
0.022356553,94,u25
0.142614255,95,u25
0,96,u25
0.488970588,97,u25
0.157990701,98,u25
0.064141197,99,u25
0.140998626,100,u25
0.076557585,101,u25
0.054609183,102,u25
0.044791667,103,u25
0.113759136,104,u25
0.131071069,105,u25
0.047923955,107,u25
0.139569126,108,u25
0.242134505,109,u25
0.473452025,110,u25
0.068224,111,u25
0.002351776,112,u25
0.179207277,113,u25
0.401600582,114,u25
0.069964625,116,u25
0.034530814,117,u25
0.001663894,118,u25
0.013801239,119,u25
0,120,u25
0,121,u25
0,132,u25
0,134,u25
0.064390359,135,u25
0.047619048,144,u25
0,145,u25
0,146,u25
0.003064846,148,u25
0.010958497,86,u24
0.024605154,87,u24
0.041603875,88,u24
0.416943428,89,u24
0,90,u24
0,91,u24
0,92,u24
0.464408042,93,u24
0,94,u24
0.135899083,95,u24
0.028495441,96,u24
0.016995963,97,u24
0.013410865,98,u24
0,99,u24
0,100,u24
0.015624131,101,u24
0.124768271,102,u24
0.070240923,103,u24
0.027254216,104,u24
0.102380824,105,u24
0.022898121,106,u24
0.07352049,107,u24
0.046313224,108,u24
0.180857198,109,u24
0.111584435,110,u24
0.038178234,111,u24
0.040091513,112,u24
0.026698326,113,u24
0.202099738,114,u24
0.026160889,115,u24
0.032305887,86,u56
0.023423555,87,u56
0.020742729,91,u56
0.634730539,92,u56
0.015811436,93,u56
0.038339187,94,u56
0.058759591,95,u56
0.098474991,96,u56
0.012430989,97,u56
0.098468661,98,u56
0.038991933,99,u56
0.008914582,100,u56
0.029032784,101,u56
0,102,u56
0.02868226,103,u56
0.023730798,104,u56
0,105,u56
0.006192165,106,u56
0.03117395,107,u56
0.012789834,108,u56
0.018223144,109,u56
0.03851403,110,u56
0.005743434,111,u56
0.086758232,112,u56
0,113,u56
0.005475309,114,u56
0.017604369,115,u56
0.007470127,116,u56
0.020605558,117,u56
0.014095616,118,u56
0.112790469,119,u56
0.141263941,120,u56
0.007257204,121,u56
0.034269414,122,u56
0.019577355,123,u56
0.016087064,133,u56
0.483005367,134,u56
0.004940494,135,u56
0.003746853,136,u56
0.129170843,138,u56
0.027825152,139,u56
0.038842346,140,u56
0.016313342,141,u56
0.009363296,142,u56
0.057227664,143,u56
0.01621153,144,u56
0.055221092,145,u56
0.027505246,146,u56
0.008080374,147,u56
0,148,u56
0.008045147,149,u56
0.038429236,150,u56
0.000795792,87,u39
0,93,u39
0,94,u39
0,95,u39
0,96,u39
0.09202454,99,u39
0,100,u39
0,102,u39
0.004502577,105,u39
0.009984951,114,u39
0.071418736,86,u53
0.019451009,87,u53
0.088177997,88,u53
0.037969877,89,u53
0.118406,90,u53
0.123114183,91,u53
0.000705783,92,u53
0.016932951,93,u53
0.010326161,94,u53
0.020363771,95,u53
0.096804793,96,u53
0.000457427,97,u53
0.02646139,98,u53
0.023266493,99,u53
0.032716135,100,u53
0.015206128,101,u53
0,102,u53
0.023389326,103,u53
0,104,u53
0.024630542,105,u53
0.009097911,107,u53
0.124915068,108,u53
0.048920157,109,u53
0,111,u53
0.001638002,112,u53
0,113,u53
0.010856063,114,u53
0.011981849,115,u53
0.040577717,116,u53
0.000634797,117,u53
0,118,u53
0.024513993,119,u53
0,120,u53
0.02334952,121,u53
0.012813639,122,u53
0.019065223,123,u53
0.062904531,124,u53
0,125,u53
0,126,u53
0,127,u53
0.009531847,128,u53
0.04122672,129,u53
0.171393402,130,u53
0.029643858,131,u53
0,132,u53
0,133,u53
0,134,u53
0.006411941,135,u53
0,136,u53
0.000187817,137,u53
0.002833148,139,u53
0,140,u53
0.017933211,142,u53
0,145,u53
0,146,u53
0,147,u53
0.011551484,148,u53
0.070541043,86,u01
0.110681632,87,u01
0.38071066,88,u01
0.036993402,89,u01
0,90,u01
0.134530971,91,u01
0.11339004,92,u01
0.003204774,93,u01
0.063769382,94,u01
0.039206498,95,u01
0.112835117,96,u01
0.366037736,97,u01
0.10597225,98,u01
0.105445117,99,u01
0.083813785,100,u01
0,101,u01
0.07651913,102,u01
0.150037793,103,u01
0.112300228,104,u01
0,105,u01
0.038342708,106,u01
0.027509653,107,u01
0.13291301,108,u01
0.126096925,109,u01
0,110,u01
0.028239069,111,u01
0.000170518,112,u01
0.09575316,113,u01
0.069150864,114,u01
0.071417809,115,u01
0.111938266,116,u01
0.042338838,117,u01
0,118,u01
0,119,u01
0.031224589,120,u01
0.00477327,121,u01
0,122,u01
0.132100905,123,u01
0.193932118,127,u01
0.00387886,128,u01
0.031820736,129,u01
0.097630693,130,u01
0.135293298,131,u01
0.017793345,132,u01
0.017738756,133,u01
0.001781825,134,u01
0.127309557,135,u01
0.113016648,136,u01
0.097585732,137,u01
0.055961441,138,u01
0.119374785,139,u01
0,140,u01
0.080618212,141,u01
0.115324559,142,u01
0.109153401,143,u01
0.130804447,145,u01
0.119642966,146,u01
0.103597297,147,u01
0.060812411,148,u01
0.000572213,86,u23
0.001358105,87,u23
0,88,u23
0.000117034,89,u23
0.012140314,90,u23
0,91,u23
0.047836538,92,u23
0.000157216,93,u23
0,94,u23
0.00103244,95,u23
0.014032984,96,u23
0,97,u23
0.000295299,98,u23
0.01078843,99,u23
0,100,u23
0.012804771,101,u23
0,102,u23
0.003745318,103,u23
0.011487027,104,u23
0,105,u23
0.008084504,106,u23
0.001258163,107,u23
0.000789973,108,u23
0,109,u23
0,110,u23
0,111,u23
0.000949555,112,u23
0,113,u23
0.012796663,114,u23
0,115,u23
0.000156519,116,u23
0.000592803,117,u23
0.027917424,118,u23
0.000591541,119,u23
0.000286615,120,u23
0.003280033,121,u23
0.000116131,122,u23
0.001232451,123,u23
0.010889399,124,u23
0.012768976,125,u23
0,126,u23
0,127,u23
0,128,u23
0,129,u23
0,130,u23
0.012452786,131,u23
0,132,u23
0,133,u23
0.039064866,134,u23
0,135,u23
0,136,u23
0,137,u23
0,138,u23
0,139,u23
0,140,u23
0,141,u23
0,142,u23
0,87,u50
0.021859222,88,u50
0,89,u50
0.033527786,90,u50
0.038256927,91,u50
0.043920728,92,u50
0,93,u50
0,94,u50
0.151027605,95,u50
0,96,u50
0.009792783,97,u50
0.002592554,98,u50
0,99,u50
0,100,u50
0,101,u50
0,102,u50
0,103,u50
0,104,u50
0.010916463,105,u50
0.00052173,106,u50
0,107,u50
0,108,u50
0,109,u50
0.04044864,110,u50
0,111,u50
0,112,u50
0.015449915,113,u50
0.010294431,114,u50
0,117,u50
0,118,u50
0,119,u50
0,129,u50
0,131,u50
0,132,u50
0,133,u50
0,134,u50
0,135,u50
0.126325088,86,u27
0.026490424,87,u27
0.000273,88,u27
0.012471598,89,u27
0.067463968,90,u27
0.008328175,91,u27
0.027992221,92,u27
0.036369648,93,u27
0,94,u27
0.001012556,95,u27
0.000261794,96,u27
0,97,u27
0,98,u27
0.057511666,99,u27
0.034437403,100,u27
0.048387097,101,u27
0.024912169,102,u27
0.000709861,103,u27
0.079866562,104,u27
0.0200057,105,u27
0.043345204,106,u27
0,107,u27
0.001022802,108,u27
0.026585959,109,u27
0.095089071,110,u27
0.065623346,111,u27
0.014615094,112,u27
0.0679596,113,u27
0.023309384,114,u27
0.006209171,115,u27
0.01826484,116,u27
0.026007109,117,u27
0.025492597,118,u27
0.00229861,119,u27
0.106769252,120,u27
0.022364015,121,u27
0.060912724,122,u27
0.115493296,123,u27
0.000294603,124,u27
0,125,u27
0.00077381,126,u27
0.045425091,127,u27
0.011509938,128,u27
0.002211199,129,u27
0.079930439,130,u27
0.048438496,131,u27
0,132,u27
0.012610679,133,u27
0.194759645,134,u27
0,135,u27
0.001716949,136,u27
0.026656839,137,u27
0.002898169,138,u27
0,139,u27
0.054394209,140,u27
0.010678322,141,u27
0.001214233,142,u27
0,143,u27
0.011996292,144,u27
0,145,u27
0.054455767,146,u27
0.040934854,147,u27
0.006295982,148,u27
0.00212838,149,u27
0.002001951,150,u27
0.03114512,151,u27
0,86,u03
0,87,u03
0,88,u03
0,89,u03
0,90,u03
0,91,u03
0,93,u03
0,94,u03
0,95,u03
0.007672339,96,u03
0,97,u03
0,98,u03
0,99,u03
0,100,u03
0,101,u03
0,102,u03
0.024902256,103,u03
0,104,u03
0,105,u03
0,106,u03
0,107,u03
0,108,u03
0,110,u03
0,111,u03
0,112,u03
0,113,u03
0,114,u03
0.044570428,115,u03
0.01846607,116,u03
0,117,u03
0.000105647,118,u03
0.028089554,119,u03
0,120,u03
0,121,u03
0,122,u03
0,123,u03
0,124,u03
0.013818436,125,u03
0.000860642,126,u03
0,127,u03
0,128,u03
0,129,u03
0,130,u03
0,131,u03
0.00031904,132,u03
0,133,u03
0,134,u03
0,135,u03
0,87,u35
0,88,u35
0.062060141,89,u35
0,90,u35
0,91,u35
0.059608541,92,u35
0.033331089,93,u35
0,94,u35
0.092478493,95,u35
0,97,u35
0.205877706,98,u35
0.03974231,99,u35
0.156143777,100,u35
0.093444987,101,u35
0.043367949,102,u35
0.007897896,103,u35
0.015362217,104,u35
0,105,u35
0.118657343,106,u35
0.218063591,107,u35
0.134226338,108,u35
0.023141067,109,u35
0,110,u35
0.401832852,111,u35
0.060120148,112,u35
0.192391192,113,u35
0.199461053,114,u35
0,115,u35
0,116,u35
0.057557491,117,u35
0.116966047,118,u35
0.037099494,119,u35
0,120,u35
0.296504497,121,u35
0,122,u35
0,123,u35
0.175185843,124,u35
0,125,u35
0.068776964,126,u35
0.067843185,127,u35
0,128,u35
0,129,u35
0,130,u35
0.013070581,131,u35
0.032648378,132,u35
0,134,u35
0.044498832,135,u35
0,136,u35
0,137,u35
0,138,u35
0.027563976,139,u35
0.063729105,140,u35
0,141,u35
0,142,u35
0,143,u35
0.008867635,144,u35
0.01347266,145,u35
0,146,u35
0.049473933,147,u35
0.032126277,148,u35
0,149,u35
0,150,u35
0.088783125,86,u34
0.038380594,87,u34
0.018181818,90,u34
0.066219808,91,u34
0.031621636,92,u34
0.004101605,93,u34
0.152859086,94,u34
0.084242196,95,u34
0.057833787,96,u34
0.213292512,98,u34
0.013995451,99,u34
0.025654948,101,u34
0.042763491,102,u34
0.122412038,103,u34
0.053063399,105,u34
0.059980205,107,u34
0.122689877,108,u34
0.015895157,109,u34
0.008750431,110,u34
0,111,u34
0.002810844,112,u34
0.016755714,113,u34
0.153878232,114,u34
0.010532506,117,u34
0.045475378,118,u34
0.043039182,119,u34
0.005627202,128,u34
0,130,u34
0.001278434,131,u34
0.033239815,132,u34
0.057796385,133,u34
0.07843667,134,u34
0.003487967,139,u34
0.126130921,140,u34
0.170929915,86,u30
0.056197347,87,u30
0.20755326,88,u30
0.125243665,90,u30
0.064921822,91,u30
0.025148088,92,u30
0.150277649,93,u30
0.028887557,94,u30
0.118091315,95,u30
0.078266946,97,u30
0.014512114,98,u30
0.224023581,99,u30
0.086863085,100,u30
0.028885067,101,u30
0.117377695,102,u30
0.033434408,104,u30
0.025441864,105,u30
0.046346346,106,u30
0.046929149,107,u30
0.036819081,108,u30
0.094416599,109,u30
0.003967166,110,u30
0.583280017,111,u30
0.008816856,112,u30
0.060670344,113,u30
0.057882551,114,u30
0.065698865,115,u30
0.124447429,116,u30
0.022121869,117,u30
0.054168292,118,u30
0.025458543,119,u30
0.020131878,120,u30
0.029953437,121,u30
0.088418347,122,u30
0.053590636,123,u30
0.012944793,124,u30
0.096332753,125,u30
0.055846986,126,u30
0.046889782,127,u30
0.148776912,128,u30
0.029664004,129,u30
0.04155109,130,u30
0.060609771,132,u30
0.004139983,133,u30
0.012366167,134,u30
0,135,u30
0.071781335,139,u30
0.029668412,140,u30
0.032481998,141,u30
0.165429165,142,u30
0.043864878,143,u30
0.061115986,144,u30
0.062340898,145,u30
0.0091184,146,u30
0.056661411,148,u30
0,149,u30
0.040802213,150,u30
0.030594688,151,u30
0.007877575,86,u08
0.047961373,87,u08
0.016353121,88,u08
0.079778052,89,u08
0.021911964,90,u08
0.050581332,91,u08
0.037507114,92,u08
0.225289279,93,u08
0.025677603,94,u08
0.211632796,95,u08
0.122970895,96,u08
0.049958686,97,u08
0.104732928,98,u08
0.037987377,99,u08
0.052467385,100,u08
0.043426253,101,u08
0.002913328,102,u08
0.037527594,103,u08
0.192403709,104,u08
0.13343748,105,u08
0.076909329,106,u08
0.009061915,107,u08
0.00968778,108,u08
0.06121365,109,u08
0.131744771,110,u08
0.096322039,111,u08
0.086989766,112,u08
0.000931032,113,u08
0.049306218,114,u08
0.146358468,115,u08
0.01432622,116,u08
0.005254383,117,u08
0.047102374,118,u08
0.100218475,119,u08
0.102970054,120,u08
0.141888779,121,u08
0.050038999,122,u08
0.113895083,123,u08
0.080687269,124,u08
0.154455907,125,u08
0.138105529,126,u08
0.137350801,127,u08
0.094474565,128,u08
0.066724437,129,u08
0.260237939,130,u08
0.049504429,131,u08
0.077902937,132,u08
0.000273913,133,u08
0.080786606,134,u08
0.310655501,135,u08
0.085369294,136,u08
0.047600768,137,u08
0.029720479,138,u08
0.0359447,139,u08
0.080200369,140,u08
0.067116841,141,u08
0.06559623,142,u08
0.057199667,143,u08
0.000296633,144,u08
0.098603243,145,u08
0.038002903,146,u08
0.102545058,147,u08
0.089822686,148,u08
0.207966953,86,u00
0.119819062,87,u00
0.058555518,88,u00
0.124461207,89,u00
0.015368657,90,u00
0.023545737,91,u00
0.176087946,92,u00
0.019288741,93,u00
0.139142336,94,u00
0.026752875,95,u00
0.088184824,96,u00
0.16410336,97,u00
0.340626288,98,u00
0,99,u00
0.00448583,100,u00
0.021829235,101,u00
0.021520168,102,u00
0.008643595,103,u00
0.164092048,104,u00
0.022556237,105,u00
0.017623039,106,u00
0.041192666,107,u00
0.029455441,108,u00
0.074942055,110,u00
0.159689743,111,u00
0.052978951,112,u00
0.105296583,113,u00
0.032318447,115,u00
0.019737988,116,u00
0.180971289,117,u00
0.009256297,119,u00
0.058705217,120,u00
0.005685856,129,u00
0.010004984,130,u00
0.01706134,131,u00
0.013383991,132,u00
0.045441089,133,u00
0.027356951,135,u00
0.019642231,136,u00
0.101663586,137,u00
0.300549451,142,u00
0.075524239,144,u00
0.008377176,145,u00
0.012055683,146,u00
0.035099089,147,u00
0.580462725,148,u00
0.169162605,149,u00
0.029001847,150,u00
0,151,u00
0.202926619,86,u51
0.104366566,87,u51
0.195626807,88,u51
0.243397985,89,u51
0.063709246,90,u51
0.028787101,91,u51
0.097241222,92,u51
0.038844622,94,u51
0.120067157,95,u51
0.042140121,96,u51
0.049628699,97,u51
0.088931851,98,u51
0.017656274,99,u51
0.114663727,100,u51
0.061554911,101,u51
0.067907239,102,u51
0.094044832,103,u51
0.035436944,104,u51
0.029802302,105,u51
0.114216867,106,u51
0.060698105,107,u51
0.02376295,108,u51
0,109,u51
0.026943185,110,u51
0.106771654,111,u51
0.044403652,112,u51
0.037890562,113,u51
0.07498144,114,u51
0.165552619,115,u51
0.01419891,116,u51
0.021479002,117,u51
0.030072299,118,u51
0,119,u51
0.011568963,120,u51
0.039473948,122,u51
0.13539516,123,u51
0.257410595,124,u51
0.026506774,125,u51
0,126,u51
0.046212151,127,u51
0.060526316,129,u51
0.154237022,130,u51
0.066075619,131,u51
0.051767956,132,u51
0.030228104,133,u51
0.044072034,134,u51
0.034938078,135,u51
0.060422834,136,u51
0.031507532,137,u51
0.070302135,138,u51
0.108556313,140,u51
0.00097704,141,u51
0.06292183,142,u51
0.021276596,143,u51
0.005081954,144,u51
0.055793012,145,u51
0,147,u51
0.015392925,148,u51
0.013464801,149,u51
0.099232311,150,u51
0.061986041,151,u51
0.011401702,86,u12
0.009237362,87,u12
0.041218682,88,u12
0.010605963,89,u12
0.000816156,90,u12
0.017005279,91,u12
0.000911294,92,u12
0.014555603,93,u12
0.012250118,94,u12
0.060050008,95,u12
0.000942086,96,u12
0.071934747,97,u12
0.063996092,98,u12
0.025300551,99,u12
0.000916461,100,u12
0.030330882,102,u12
0.006295498,103,u12
0.00037325,104,u12
0.002081422,105,u12
0.001403335,106,u12
0.013360762,107,u12
0.014027103,109,u12
0.001332938,110,u12
0.000506626,111,u12
0.004550304,113,u12
0.006373317,114,u12
0.020291668,115,u12
0.016849799,116,u12
0.016642005,117,u12
0.082307079,118,u12
3.95E-05,121,u12
0.000723982,122,u12
0.022030033,123,u12
0.000527627,124,u12
0.005450367,125,u12
0.004595182,126,u12
0.023837209,128,u12
0.001986396,129,u12
0.018367694,130,u12
0.037439586,132,u12
0.013940156,133,u12
0.077291996,134,u12
0.000115824,135,u12
0.272712965,136,u12
0.05758226,137,u12
0.040416166,138,u12
0.008993219,139,u12
0.021918577,140,u12
0.001555415,141,u12
0.01873782,142,u12
0.020461406,143,u12
0.118671747,144,u12
0.018136455,145,u12
0.041007396,146,u12
0.007912846,147,u12
0.006063681,148,u12
0.004817465,150,u12
0.022651781,86,u07
0.080872586,87,u07
0.14562212,88,u07
0.11488102,89,u07
0.016932938,90,u07
0.034385629,91,u07
0.098101566,92,u07
0.131640136,93,u07
0.094205777,94,u07
0,98,u07
0.007930297,99,u07
0.032747148,100,u07
0.018534909,101,u07
0.025096078,102,u07
0.121123596,103,u07
0.073238603,104,u07
0.112027765,105,u07
0.078274501,106,u07
0.05118298,107,u07
0.011809235,108,u07
0.140856361,109,u07
0.032934977,110,u07
0.060807019,111,u07
0.014356766,112,u07
0.016747338,113,u07
0,114,u07
0.023563921,115,u07
0.001020656,116,u07
0.01209097,117,u07
0.049404211,118,u07
0.14337426,119,u07
0.031029042,120,u07
0.011802426,121,u07
0.021636372,122,u07
0,123,u07
0.06909823,124,u07
0,125,u07
0.043601392,126,u07
0.132799739,127,u07
0,129,u07
0,130,u07
0.06985616,131,u07
0.061523485,132,u07
0.049126867,133,u07
0,86,u52
0.043772823,88,u52
0.165006258,89,u52
0.025583734,90,u52
0.229583975,91,u52
1.699968344,92,u52
0.784966194,93,u52
0.243399609,94,u52
0.028737542,95,u52
0.016876175,96,u52
0.033649698,97,u52
0.028916048,98,u52
0.052187298,99,u52
0.02093678,100,u52
0.059731409,101,u52
0.083725798,102,u52
0.055172414,103,u52
0.053358136,104,u52
0.013245638,105,u52
0.037586381,106,u52
0.012424062,107,u52
0.03004183,108,u52
0.001891144,109,u52
0,110,u52
0.060011738,111,u52
0.037369695,112,u52
0.054274832,113,u52
0.024935388,114,u52
0.090869691,115,u52
0.04093074,116,u52
0.046102129,117,u52
0.101465052,118,u52
0.084117676,119,u52
0.158415842,120,u52
0.068290126,121,u52
0.115088821,122,u52
0.057207052,123,u52
0.020334093,124,u52
0.054897641,125,u52
0.074692134,126,u52
0.187357197,127,u52
0.105726405,128,u52
0.024755533,129,u52
0.040232979,130,u52
0.07252329,131,u52
0.029038113,132,u52
0.039519297,133,u52
0.071108061,134,u52
0.055013172,135,u52
0.038766805,136,u52
0.298645274,137,u52
0.071364571,138,u52
0.082782959,139,u52
0.124216124,140,u52
0.086641982,141,u52
0.930812685,142,u52
2,143,u52
2,144,u52
2,145,u52
0.10379169,147,u52
0.138026747,148,u52
0.082399103,149,u52
0.092226614,150,u52
0.174511832,151,u52
0.012178483,86,u22
0.074462982,87,u22
0.032108379,88,u22
0.051531332,89,u22
0,90,u22
0.000597047,91,u22
0.043695709,92,u22
0.01014219,93,u22
0.042295407,94,u22
0.089904347,95,u22
0.107328731,96,u22
0.185711355,97,u22
0.030889294,98,u22
0.06151799,99,u22
0.036299271,100,u22
0.050398284,101,u22
0.067665443,102,u22
0.246551631,103,u22
0.018775872,104,u22
0.068893427,105,u22
0.064005736,106,u22
0.059818875,107,u22
0.131678391,108,u22
0.009031469,109,u22
0.006657538,110,u22
0.04578467,111,u22
0.000401627,112,u22
0,113,u22
0.042240634,114,u22
0.007684125,117,u22
0.593169806,118,u22
0,123,u22
0.037133183,125,u22
0,126,u22
0.03544454,127,u22
0.009429447,128,u22
0.019676872,129,u22
0.18187358,130,u22
0.010004257,131,u22
0.057584035,132,u22
0.031874578,133,u22
0,134,u22
0.002813343,135,u22
0.251790354,136,u22
0.106747788,137,u22
0.05546457,138,u22
0.179089829,139,u22
0.010285495,140,u22
0.026077218,141,u22
0.051887063,142,u22
0.15952281,143,u22
0.0665144,144,u22
0.048981361,146,u22
0.08499733,147,u22
0,148,u22
0.038592845,150,u22
0.026706018,151,u22
0.197663638,91,u43
0,92,u43
0.022081278,93,u43
0.165621079,94,u43
0.496,97,u43
0.056757951,98,u43
0.076743644,99,u43
0.013758943,100,u43
0.242438563,101,u43
0.193939394,102,u43
0.059389739,103,u43
0.03279905,104,u43
0.033842795,105,u43
0.138818412,106,u43
0.034501062,107,u43
0.105505291,108,u43
0.76826673,109,u43
0.102209464,110,u43
0.029247157,111,u43
0.021879215,112,u43
0.090766635,113,u43
0.100313831,114,u43
0.046576373,115,u43
0.033119658,116,u43
0.005403925,117,u43
0.061982563,118,u43
0.02668921,119,u43
0.077543791,120,u43
0.015905947,121,u43
0,122,u43
0.093055556,123,u43
0,124,u43
0.023193726,125,u43
0.025369979,126,u43
0.01209127,127,u43
0.002259522,128,u43
0,132,u43
0.023058921,133,u43
0.00748503,134,u43
0.003286708,135,u43
0,138,u43
0.000726876,139,u43
0.012651499,140,u43
0,142,u43
0.009446023,143,u43
0.049254127,144,u43
0.034851782,145,u43
0.091604577,146,u43
0.016981886,147,u43
0.014003474,148,u43
0,90,u42
0.003973839,91,u42
0.043478261,92,u42
0.025614358,93,u42
0.01065545,94,u42
0.116927727,95,u42
0.16737269,96,u42
0.004278386,97,u42
0,98,u42
0.006572334,99,u42
0,100,u42
0.016759995,101,u42
0.005424455,102,u42
0.004524546,103,u42
0.010631001,104,u42
0.006758583,106,u42
0.011559223,108,u42
0.207642031,109,u42
0.005324429,112,u42
0.02319017,114,u42
0.008963585,116,u42
0.004398021,117,u42
0.007806139,118,u42
0.063335358,119,u42
0.00092724,120,u42
0.013487146,122,u42
0.180845892,123,u42
0.037205771,126,u42
0.017972568,127,u42
0.00150895,131,u42
0.027280386,134,u42
0.049445733,87,u41
0.014844804,88,u41
0,89,u41
0.039382284,90,u41
0.021158575,91,u41
0.032416032,93,u41
0.050175564,94,u41
0,95,u41
0,96,u41
0,98,u41
0.016821819,99,u41
0.151623217,100,u41
0,101,u41
0,102,u41
0.05787639,103,u41
0,104,u41
0.002270713,105,u41
0.065581695,106,u41
0,109,u41
0.053835327,110,u41
0.052975244,111,u41
0.021164947,112,u41
0.01498562,113,u41
0.049777418,114,u41
0.055468213,115,u41
0,116,u41
0.054166874,117,u41
0.08963644,118,u41
0,119,u41
0.005979785,120,u41
0,127,u41
0,128,u41
0.067320871,131,u41
0.047924744,132,u41
0,133,u41
0,134,u41
0,135,u41
0,136,u41
0.023132146,140,u41
0.026340769,141,u41
0,142,u41
0.078442937,144,u41
0.066156886,145,u41
0.003993571,147,u41
0,148,u41
0.000724938,149,u41
0.067963826,86,u02
0.015186735,87,u02
0.055736618,88,u02
0.045325779,89,u02
0.061174499,90,u02
0.027201224,91,u02
0.048873525,92,u02
0.048913305,93,u02
0.053325279,94,u02
0.051872367,95,u02
0.143114144,96,u02
0.041870124,97,u02
0.008258258,98,u02
0.05958132,99,u02
0.033547696,100,u02
0.040696537,101,u02
0.091029024,102,u02
0.006110084,103,u02
0.022573363,104,u02
0.013746876,105,u02
0.056490903,106,u02
0.068047337,107,u02
0.019315802,108,u02
0.019202363,109,u02
0.131688354,110,u02
0.049613684,111,u02
0.036315087,112,u02
0.026359779,113,u02
0.049846047,114,u02
0.03476851,115,u02
0.031959884,116,u02
0.178058658,117,u02
0.070501331,118,u02
0.050175956,119,u02
0.052336876,120,u02
0.083507549,121,u02
0,122,u02
0.048056443,123,u02
0.022505329,124,u02
0.039297163,125,u02
0.005941347,126,u02
0.122420575,127,u02
0.077866558,128,u02
0.040386153,129,u02
0.191084165,130,u02
0.118904806,131,u02
0.07850075,132,u02
0.006131454,133,u02
0.026201401,134,u02
0.108282037,135,u02
0.215907132,136,u02
0.111505765,137,u02
0.075404377,138,u02
0.051149196,139,u02
0.055585122,140,u02
0.004382121,141,u02
0.061344709,142,u02
0.060056407,143,u02
0.141955679,144,u02
0.030006263,145,u02
0.038767622,146,u02
0.05202811,147,u02
0.052498998,148,u02
0.064011532,149,u02
0.027212641,150,u02
0.045619393,151,u02
0.015444977,86,u16
0.039419859,87,u16
0.030574983,88,u16
0.063673262,89,u16
0.016233131,90,u16
0.003760051,91,u16
0.029015854,92,u16
0.044415128,93,u16
0.03907967,94,u16
0.064916527,95,u16
0.033143007,96,u16
0.008948391,97,u16
0.023285662,98,u16
0.005447797,99,u16
0.022827688,100,u16
0.04138859,101,u16
0.097845114,102,u16
0.022090419,103,u16
0.001541445,104,u16
0.000819924,105,u16
0.012096989,106,u16
0.021988582,107,u16
0.316871375,108,u16
0.023919043,109,u16
0,110,u16
0.046000453,111,u16
0.033610332,112,u16
0.027308469,113,u16
0.035202761,114,u16
0,115,u16
0.031036853,116,u16
0.008001136,117,u16
0.035458948,118,u16
0.066062485,119,u16
0.032593578,120,u16
0.148335975,121,u16
0.01532165,122,u16
0.004366039,123,u16
0,124,u16
0.00180018,125,u16
0.089266567,126,u16
0.067037921,127,u16
0.033275142,128,u16
0.114616572,129,u16
0.048210291,130,u16
0.026679239,131,u16
0.002019182,132,u16
0.011173821,133,u16
0.002280357,134,u16
0.089936024,135,u16
0.009659715,136,u16
0.013990231,137,u16
0.001156515,138,u16
0.052702339,139,u16
0.013342584,140,u16
0.157024793,141,u16
0.0450121,142,u16
0.028479702,143,u16
0.010738255,144,u16
0.036763481,145,u16
0,146,u16
0,147,u16
0.038895983,148,u16
0.013712196,87,u47
0.011132679,88,u47
0.003575795,90,u47
0.000636087,91,u47
0.005477234,93,u47
0,94,u47
0,95,u47
0,98,u47
0,100,u47
0.003916728,101,u47
0.003143423,102,u47
0.240100764,104,u47
0.017349468,105,u47
0,106,u47
0.010248274,107,u47
0.004537083,108,u47
0.034547152,109,u47
0.001796087,110,u47
0.000347001,111,u47
0.004200479,112,u47
0,113,u47
0.006680819,114,u47
0,116,u47
6.67E-05,117,u47
0,119,u47
0.04157183,120,u47
0,122,u47
0.045417053,123,u47
0.01606198,125,u47
0,131,u47
0.000234096,132,u47
0.014755959,137,u47
0.003931848,138,u47
0.020467049,139,u47
0.255008415,140,u47
0.357772622,141,u47
0.275760827,142,u47
0.01802982,143,u47
0,144,u47
0.003794855,145,u47
0.000107331,146,u47
0.304967855,147,u47
0.199755423,148,u47
0,149,u47
0.09290621,86,u05
0.042868049,87,u05
0.058733008,88,u05
0,90,u05
5.25E-05,91,u05
0.031721777,92,u05
0.057280118,93,u05
0.012498687,94,u05
0.024491158,95,u05
0.027084818,96,u05
0.06149665,97,u05
0.051610121,98,u05
0.012580474,99,u05
0.050212206,100,u05
0,101,u05
0,102,u05
0.103822558,103,u05
0.061206066,104,u05
0.044500699,105,u05
0,106,u05
0.077508321,107,u05
0,108,u05
0.015165729,109,u05
0.103343646,110,u05
0.053517384,111,u05
0.02247427,112,u05
0.033396781,113,u05
0.020416306,114,u05
0.010013973,115,u05
0.026847575,116,u05
0.001438379,117,u05
0,118,u05
0.040493066,119,u05
0.024292827,120,u05
0.023193857,121,u05
0,122,u05
0.131939951,123,u05
0.027095376,124,u05
0.09925838,125,u05
0.000589936,126,u05
0.036486344,128,u05
0.014378673,129,u05
0,130,u05
0,131,u05
0.014787245,132,u05
0,133,u05
0,134,u05
0,135,u05
0,136,u05
0,138,u05
0,139,u05
0.016949153,140,u05
0.038676319,141,u05
0.022319694,142,u05
0,143,u05
0,144,u05
0,146,u05
0.078254477,147,u05
0.049987949,148,u05
0.084378247,91,u45
0.024194832,92,u45
0.080699851,93,u45
0.045839288,94,u45
0.115282392,95,u45
0.154552951,98,u45
0.047802535,100,u45
0.035908967,101,u45
0.062172899,102,u45
0.091971378,103,u45
0.174456084,104,u45
0.044678688,105,u45
0.047276465,107,u45
0.004189108,108,u45
0,110,u45
0.015574434,111,u45
0,112,u45
0.946466809,113,u45
0.003550581,117,u45
0.009905005,118,u45
0.01739941,119,u45
0,120,u45
0,125,u45
0.007208388,126,u45
0.169468857,127,u45
0.000361517,128,u45
0,129,u45
0.014283594,130,u45
0,131,u45
0,132,u45
0.013738344,133,u45
0.054504085,137,u45
0.029538854,139,u45
0.001441726,140,u45
0.003873036,141,u45
0.029958231,144,u45
0,145,u45
0.015891701,146,u45
0.010293389,147,u45
0.009081935,148,u45
0.002515804,86,u17
0,87,u17
0.000631114,88,u17
0.001723275,89,u17
0,90,u17
0.028328924,91,u17
0.029798578,92,u17
0,93,u17
0.024260641,94,u17
0.014009459,95,u17
0.020112872,96,u17
0.012611411,97,u17
0,98,u17
0,99,u17
0,100,u17
0,101,u17
0,102,u17
0,103,u17
0.060911703,104,u17
0.003064351,105,u17
0.062755341,106,u17
0.011037006,107,u17
0.014563787,108,u17
0.007398976,109,u17
0,110,u17
0.063425084,111,u17
0.000950514,112,u17
0.037133309,113,u17
0,114,u17
0.011116614,115,u17
0.043098685,116,u17
0.008150265,117,u17
0,118,u17
0,119,u17
0.047467215,120,u17
0,121,u17
0,122,u17
0,123,u17
0,124,u17
0,125,u17
0.010263538,126,u17
0.075202172,127,u17
0.011010053,128,u17
0.035974108,131,u17
0.001156703,132,u17
0,133,u17
0.000566893,134,u17
0.000622242,135,u17
0,136,u17
0.043475994,137,u17
0,138,u17
0,139,u17
0.009315401,140,u17
0,141,u17
0,142,u17
0.080289193,143,u17
0,144,u17
0.014462377,145,u17
0,146,u17
0,147,u17
0,148,u17
0,149,u17
0,150,u17
0.000799488,151,u17
0.036105738,87,u49
0.065844033,88,u49
0.030629826,89,u49
0.025927964,90,u49
0.109255128,91,u49
0.043790236,92,u49
0.049783428,93,u49
0.049338215,94,u49
0.072990663,95,u49
0.040628734,96,u49
0.029138363,97,u49
0.038550616,98,u49
0.057734771,99,u49
0.044275284,100,u49
0.023575274,101,u49
0,102,u49
0.147969052,103,u49
0.047573146,104,u49
0.025772162,105,u49
0.108863902,106,u49
0.042947034,107,u49
0.064204964,108,u49
0.024293717,109,u49
0.050621218,110,u49
0.020507042,111,u49
0.036414723,112,u49
0.020640722,113,u49
0.064268162,114,u49
0.092401747,115,u49
0.019589696,116,u49
0.060376866,117,u49
0.013580987,118,u49
0.093794798,119,u49
0.049132948,120,u49
0.042010295,121,u49
0.017881938,122,u49
0.067652873,123,u49
0.03695118,124,u49
0.039764772,125,u49
0.119679837,126,u49
0.027373361,127,u49
0.016588773,132,u49
0.002478489,133,u49
0.002685285,134,u49
0.015723115,135,u49
0.036484153,136,u49
0.012844126,137,u49
0.157636717,138,u49
0.023073876,139,u49
0.021454634,140,u49
0.013812024,141,u49
0.005778082,142,u49
0.09647948,143,u49
0.008962406,144,u49
0.011572804,145,u49
0.004334656,146,u49
0.00301135,147,u49
0.002016009,148,u49
0.006646299,149,u49
0.00621526,150,u49
0.052959309,151,u49
0.032251682,86,u09
0.064439008,87,u09
0.103617571,88,u09
8.90E-05,89,u09
0.042310874,91,u09
0.05738668,92,u09
0.063602238,93,u09
0.044691761,94,u09
0.216115757,95,u09
0.110140422,96,u09
0.049983208,97,u09
0.069721355,98,u09
0.136517464,99,u09
0.09400545,100,u09
0.117624072,101,u09
0.059818317,102,u09
0.075658122,103,u09
0.002688574,105,u09
0.104286628,106,u09
0.102774173,107,u09
0.058079712,108,u09
0.094569555,109,u09
0.031117917,110,u09
0.049862763,111,u09
0.001514933,112,u09
0.045988079,113,u09
0.077300768,114,u09
0.017914439,115,u09
0.102764591,116,u09
0.156106979,117,u09
0.073580786,118,u09
0.024208679,119,u09
0.07700716,120,u09
0.013983704,121,u09
0.121545813,122,u09
0.193485659,123,u09
0.063964578,124,u09
0,125,u09
0.007405623,126,u09
0.102791461,127,u09
0.047800705,128,u09
0.025170628,129,u09
0.002030821,130,u09
0.07612249,131,u09
0.083245187,132,u09
0.003656198,133,u09
0.065943289,134,u09
0.000522364,135,u09
0.094761448,136,u09
0.017709777,137,u09
0,138,u09
0.042859817,139,u09
0.088611431,141,u09
0.123513833,142,u09
0.143576587,143,u09
0.009069686,144,u09
0.032448731,145,u09
0.448266631,146,u09
0.041953759,147,u09
0.001700027,148,u09
0.050170068,149,u09
0.013669468,150,u09
0.191741375,86,u32
0.083291267,87,u32
0.022601137,88,u32
0.059095516,90,u32
0,91,u32
0.022374408,92,u32
0.072864026,93,u32
0.040570234,94,u32
0.028035231,95,u32
0.057464046,96,u32
0.03030476,97,u32
0,98,u32
0.071868439,99,u32
0.10890407,100,u32
0.023186065,101,u32
0.300364918,102,u32
0.113577023,107,u32
0.042068676,108,u32
0.349243963,109,u32
0.059406518,110,u32
0.039675198,111,u32
0.189332461,112,u32
0.283368822,113,u32
0.082437826,114,u32
0.162483758,115,u32
0.342570393,116,u32
0.39673503,117,u32
0.037059078,118,u32
0.06422747,119,u32
0.066439046,120,u32
0.359652799,121,u32
0.089661231,122,u32
0.065866511,123,u32
0.071969697,125,u32
0.023224534,126,u32
0.104617425,127,u32
0.145152198,128,u32
0.082115755,129,u32
0.160244003,130,u32
0.136645963,132,u32
0.017989172,133,u32
0.019868524,134,u32
0.118612416,135,u32
0.24818704,136,u32
0.535343865,137,u32
0.359769484,138,u32
0.001637486,139,u32
0.04226601,140,u32
0.038459605,141,u32
0.063031229,142,u32
0.571881164,143,u32
0.533245033,144,u32
0.092623597,145,u32
0.76053932,146,u32
0.087899378,147,u32
0.061804885,148,u32
0.36852086,149,u32
0.102773164,150,u32
0.141525811,151,u32
0.069574448,87,u36
0.110551008,88,u36
0.108704372,89,u36
0.020127474,90,u36
0.024169687,91,u36
0.074042212,92,u36
0.060507885,93,u36
0.01394024,94,u36
0.303469705,95,u36
0.053107147,96,u36
0.00490992,97,u36
0.055321487,98,u36
0.042538652,99,u36
0.017211196,100,u36
0.073121402,101,u36
0.063151313,102,u36
0.199854086,103,u36
0,104,u36
0,105,u36
0.102705848,106,u36
0.055415617,107,u36
0.211870968,108,u36
0.114504722,109,u36
0.114979896,110,u36
0.010833193,111,u36
0.567911861,112,u36
0.23128456,113,u36
0.037158646,114,u36
0.01409233,115,u36
0,116,u36
0.305553832,117,u36
0.012734478,118,u36
0,119,u36
0.098749263,120,u36
0.250223162,121,u36
0.012177931,122,u36
0,123,u36
0.257463639,124,u36
0.013975533,125,u36
0.214923428,126,u36
0.1276562,127,u36
0.078448276,128,u36
0.050644376,129,u36
0.003399496,130,u36
0.012174184,131,u36
0.045090817,132,u36
0.008646398,133,u36
0.01218213,134,u36
0.010595578,135,u36
0.128962458,136,u36
0.022838074,137,u36
0.029822453,138,u36
0,139,u36
0.040842052,140,u36
0,141,u36
0.032228887,142,u36
0.009925187,143,u36
0.130118289,146,u36
0.010597303,147,u36
0.010146963,148,u36
0.011784689,149,u36
0.075026411,150,u36
0.198110624,151,u36
0.130113761,86,u04
0.060603829,87,u04
0.131133582,88,u04
0.021278783,89,u04
0.037425727,90,u04
0.177176489,91,u04
0.099607606,92,u04
0.130238982,93,u04
0.051421352,94,u04
0.142184557,95,u04
0.020804234,96,u04
0.089786305,97,u04
0.211324749,98,u04
0.081425768,99,u04
0.139377618,100,u04
0.070121351,101,u04
0.122502278,102,u04
0.287391943,103,u04
0.131264354,104,u04
0.073610903,105,u04
0.065593684,106,u04
0.144559512,107,u04
0.217553491,108,u04
0.019125929,109,u04
0.004596803,110,u04
0.074480466,111,u04
0.06919519,112,u04
0.201099719,113,u04
0.109127672,114,u04
0.163396178,115,u04
0.048933844,116,u04
0.060664182,117,u04
0.107296823,118,u04
0.084139385,119,u04
0.207657273,120,u04
0.128809733,121,u04
0.11403358,122,u04
0.095251258,124,u04
0.057883992,125,u04
0.19176746,126,u04
0.082283637,127,u04
0.064341002,128,u04
0.205540356,129,u04
0.061597444,130,u04
0.104231923,131,u04
0.078850454,132,u04
0.048339989,133,u04
0.063970727,134,u04
0.065239143,135,u04
0.050207979,136,u04
0.126533951,137,u04
0.470647582,139,u04
0.093744712,140,u04
0.04000749,141,u04
0.065097403,142,u04
0.050086543,86,u58
0.054730983,87,u58
0.000254972,88,u58
0,89,u58
0,90,u58
0,91,u58
0.040953702,92,u58
0.03144858,93,u58
0,94,u58
0.010015649,95,u58
0.064346481,96,u58
0,97,u58
0,98,u58
0.192607223,99,u58
0.067031538,100,u58
0.075886565,101,u58
0.04596165,102,u58
0.019664832,103,u58
0.012554885,104,u58
0.112152643,105,u58
0.099049743,106,u58
0.138257195,107,u58
0.173661682,108,u58
0.014095975,109,u58
0,110,u58
0.010444263,111,u58
0.06021323,112,u58
0.063833243,113,u58
0.121797143,114,u58
0.084973791,115,u58
0,116,u58
0.160425619,117,u58
0,118,u58
0,119,u58
0.04047384,120,u58
0.054161567,121,u58
0.138704851,122,u58
0.051279639,123,u58
0.116663081,125,u58
0,126,u58
0.058913043,127,u58
0.202446447,128,u58
0,129,u58
0.033681705,130,u58
0,131,u58
0.265824696,132,u58
0,133,u58
0.135101353,134,u58
0.055398587,135,u58
0.023746038,136,u58
0.117655109,137,u58
0.081494267,138,u58
0,139,u58
0.20198556,140,u58
0.103381759,141,u58
0.065906076,142,u58
0,143,u58
0.012046968,144,u58
0.157575441,145,u58
0.108072917,146,u58
0.073138648,147,u58
0.001478725,148,u58
0.1909219,86,u59
0.075643749,87,u59
0.325362319,88,u59
0.103778964,89,u59
0.137233461,90,u59
0.090484764,91,u59
0.222476914,92,u59
0.098994805,93,u59
0.015625814,94,u59
0.010559229,95,u59
0.19071613,96,u59
0.129987326,97,u59
0.053860478,98,u59
0.032581158,99,u59
0.017130621,101,u59
0.184606052,102,u59
0.323851971,103,u59
0.155876838,104,u59
0.023330888,105,u59
0.039783002,106,u59
0.098998347,107,u59
0.084182203,108,u59
0.065720268,109,u59
0.20865547,110,u59
0.173331999,111,u59
0.011365244,112,u59
0.105076679,113,u59
0.138243871,114,u59
0.045205672,115,u59
0.119834283,116,u59
0.247478424,117,u59
0.182984078,118,u59
0.074148188,119,u59
0.043257953,120,u59
0.332750615,121,u59
0.042006301,122,u59
0.19888406,123,u59
0.315735227,124,u59
0.103180875,125,u59
0.03053716,126,u59
0.094036697,127,u59
0.07760972,128,u59
0.000602047,129,u59
0.012463779,132,u59
0.010922095,133,u59
0.000273224,134,u59
0.027125051,135,u59
0.055666683,136,u59
0.501593272,137,u59
0.049932669,138,u59
0.079923928,139,u59
0.068384539,140,u59
0.044040283,141,u59
0.048465267,142,u59
0.006273585,143,u59
0.025085268,144,u59
0.288782084,145,u59
0.124681685,146,u59
0.159521583,147,u59
0.016304081,148,u59
0.131615199,149,u59
0.071717612,150,u59
0.04242326,86,u15
0.009972508,87,u15
0.029851485,88,u15
0.042225313,90,u15
0,91,u15
0.002191381,92,u15
0.087058212,93,u15
0.000277213,94,u15
0.106364483,97,u15
0.000842897,98,u15
0.004814697,99,u15
0,100,u15
0,102,u15
0,103,u15
0.010086455,104,u15
0.03703205,105,u15
0.035994087,106,u15
0.003804128,110,u15
0.012153236,111,u15
0.005747126,112,u15
0.041015521,118,u15
0.078756674,119,u15
0.011800321,125,u15
0.154402682,126,u15
0.092056177,127,u15
0,128,u15
0.030844461,133,u15
0.002332685,134,u15
0,135,u15
0,146,u15
0.017333937,147,u15
0,149,u15
0.020809865,86,u33
0.060641063,87,u33
0.04851899,88,u33
0,89,u33
0.032458387,90,u33
0.082776882,91,u33
0.090031783,92,u33
0,93,u33
0.053155944,94,u33
0.021813343,95,u33
0.049710793,96,u33
0.046305476,97,u33
0.000747126,98,u33
0.060647359,99,u33
0.028557441,100,u33
0.06114824,101,u33
0.036973582,102,u33
0,103,u33
0.001131862,104,u33
0.071192249,105,u33
0.043485161,106,u33
0.051574196,107,u33
0.050817302,108,u33
0.030002124,109,u33
0.001417434,110,u33
0.034034202,111,u33
0.165255293,112,u33
0.050397052,113,u33
0.081259825,114,u33
0.046880446,115,u33
0.126827541,116,u33
0.084693303,117,u33
0.010795724,118,u33
0.030882887,119,u33
0.267217979,120,u33
0.035807458,121,u33
0.047106173,122,u33
0.070198009,123,u33
0.021095394,124,u33
0.068561521,125,u33
0.068658047,126,u33
0.090545939,127,u33
0.048314803,128,u33
0.045810126,129,u33
0.053759873,130,u33
0.03200877,131,u33
0.100886974,132,u33
0.033330808,133,u33
0.000215455,134,u33
0,135,u33
0.11239132,136,u33
0.047340214,137,u33
0.143149284,142,u33
0,87,u13
0.015944862,88,u13
0.115930189,91,u13
0,92,u13
0.008365398,93,u13
0.007114958,94,u13
0.067265953,95,u13
0,96,u13
0.003956828,97,u13
0.006701762,99,u13
0.011312688,100,u13
0.019544558,101,u13
0,102,u13
0.032611751,103,u13
0,104,u13
0.001946946,105,u13
0,106,u13
0.01580756,107,u13
0.005705764,108,u13
0.052411253,109,u13
0.046314545,110,u13
0.052463665,111,u13
0.030261007,112,u13
0.081321342,113,u13
0.132281717,114,u13
0.100693553,115,u13
0.08131122,116,u13
0.093302343,117,u13
0.01060137,118,u13
0,119,u13
0.007080362,120,u13
0.000362845,121,u13
0,123,u13
0.000560852,124,u13
0.038426899,125,u13
0.076869182,130,u13
0.001310902,131,u13
0.011809517,132,u13
0.124022578,133,u13
0.043604924,134,u13
0.000231932,135,u13
0.069858209,136,u13
0.020155846,137,u13
0.016135229,138,u13
0,139,u13
0.121661868,140,u13
0.034607438,141,u13
0.046901251,142,u13
0.002510743,143,u13
0.062843904,144,u13
0.020078517,146,u13
0.031298837,147,u13
0.056253139,148,u13
0.072870705,149,u13
0.038103171,87,u31
0.016639645,89,u31
0.006420348,90,u31
0.061739465,91,u31
0.009140194,92,u31
0.065482266,93,u31
0.004352937,94,u31
0.044713716,95,u31
0.022172456,96,u31
0.077014151,97,u31
0.000995722,98,u31
0.079561621,99,u31
0.122639961,100,u31
0.073234774,101,u31
0.001532045,102,u31
0.463899943,103,u31
0.122726537,104,u31
0.04334054,105,u31
0.128049115,106,u31
0.085400021,107,u31
0.048350566,108,u31
0.051704105,109,u31
0.037005337,110,u31
0.048410813,111,u31
0.052320538,112,u31
0.01471446,113,u31
0.039860564,114,u31
0.027080404,115,u31
0.0125904,116,u31
0.030971299,117,u31
0.031529586,118,u31
0.038853244,119,u31
0.061379857,120,u31
0.019122933,121,u31
0.048294881,122,u31
0.046354233,123,u31
0.04998662,126,u31
0.041997449,127,u31
0.209947419,128,u31
0.129792417,129,u31
0.087942873,130,u31
0.039161287,132,u31
0.033107419,133,u31
0.032291487,134,u31
0.012367267,135,u31
0.015972792,136,u31
0.058324022,137,u31
0.026433259,138,u31
0.020064988,139,u31
0.012751178,140,u31
0.067997178,141,u31
0.010791264,142,u31
0.052631579,144,u31
0.074826093,145,u31
0.230939826,146,u31
0.141768996,147,u31
0.163918476,148,u31
