average indoor mobility,day,uid
0.0,86,u44
0.0,91,u44
0.006615214994487321,92,u44
0.026535790042839912,93,u44
0.00565926569089556,94,u44
0.02618534243225821,95,u44
0.010796339254504433,96,u44
0.007029221263767424,97,u44
0.01322820352827727,98,u44
0.0068763896895330644,99,u44
0.01878336916870002,100,u44
0.006549155183327653,101,u44
0.046327470573975814,102,u44
0.009431081860433559,103,u44
0.10422077922077921,105,u44
0.012236798588909713,106,u44
0.012655179472359692,107,u44
0.013062585978111342,108,u44
0.03040320560981718,109,u44
0.010299160595319193,110,u44
0.006247321185042796,111,u44
0.015101416909684204,112,u44
0.12401867175896457,113,u44
0.015027601717440196,114,u44
0.02273456592036731,115,u44
0.05747267591796635,116,u44
0.0026453598229228526,117,u44
0.012939776403345569,118,u44
0.043303841292520746,119,u44
0.012855221263046772,120,u44
0.015216749495645328,121,u44
0.0029745840979693667,122,u44
0.0063624576702354056,123,u44
0.00737413257337906,125,u44
0.015904314661546844,126,u44
0.005931145985273184,127,u44
0.03746831432192649,128,u44
0.016371260533472664,129,u44
0.012661029704723537,130,u44
0.0,131,u44
0.003452170731319302,133,u44
0.0184652855463827,134,u44
0.018940118614884253,135,u44
0.004231211406492599,136,u44
0.01110864498945733,137,u44
0.051807001837628985,138,u44
0.01525263719574765,139,u44
0.014078390720869638,140,u44
0.002508424759926014,141,u44
0.006682631427174362,142,u44
0.019021677705192253,143,u44
0.0067466666666666664,144,u44
0.008034656793179612,145,u44
0.00026279482294198805,146,u44
0.008828261251639245,147,u44
0.015235830360681728,148,u44
0.0,149,u44
0.010724393029144531,150,u44
0.02851610631930998,151,u44
0.0788298206983328,86,u20
0.03275985024068461,87,u20
0.04524033930254477,88,u20
0.007833155755495048,89,u20
0.06684527796383122,90,u20
0.04971035969284656,91,u20
0.03952375688862922,92,u20
0.03774891774891775,93,u20
0.02651019399121659,94,u20
0.0,95,u20
0.0,96,u20
0.006853544084959249,97,u20
0.010826128024413281,98,u20
0.03131019566760163,99,u20
0.009337165492695566,100,u20
0.023638110725109025,101,u20
0.0222052067381317,102,u20
0.0042984648339878615,103,u20
0.004422395109056514,104,u20
0.0,105,u20
0.0,110,u20
0.0,111,u20
0.0007041822301145061,112,u20
0.029567387186964496,113,u20
0.017093902683889967,114,u20
0.02184442967043404,115,u20
0.027186429937974484,116,u20
0.030260777811275247,117,u20
0.02065765468101306,118,u20
0.01863414770425624,119,u20
0.02683417698359456,120,u20
0.0252145771774307,121,u20
0.05911817253700868,124,u20
0.0,125,u20
0.018364779874213838,126,u20
0.008940265360742555,127,u20
0.019148936170212766,128,u20
0.0053670172395099205,130,u20
0.023803274159010845,131,u20
0.0,132,u20
0.000164726553920492,133,u20
0.0003036525058561555,134,u20
0.016647647177284015,135,u20
0.0,136,u20
0.013432240332185657,137,u20
0.011159642342610167,138,u20
0.03884030025480339,139,u20
0.0008770042857379247,140,u20
0.00019271164556474148,141,u20
0.01488837344157727,86,u19
0.04219998560218847,87,u19
0.04332944946111273,88,u19
0.3504589608769272,89,u19
0.0010577533319229956,90,u19
0.017531935927339006,91,u19
0.030138816717392918,92,u19
0.023662398621550163,93,u19
0.03158106373436026,94,u19
0.022746767481017886,95,u19
0.01668393097216406,96,u19
0.01914462784561576,97,u19
0.02384881770466966,98,u19
0.025726349495361723,99,u19
0.025401982964121408,100,u19
0.015993445892997078,101,u19
0.014449166394246486,102,u19
0.02709532500350976,103,u19
0.028244809578397655,104,u19
0.008167461518690921,105,u19
0.036498301673166436,106,u19
0.028358774680403844,107,u19
0.01982832618025751,108,u19
0.018325050390042005,109,u19
0.00019578902979005392,110,u19
0.006713055206449437,111,u19
0.015155312467750733,112,u19
0.017612410334169243,113,u19
0.002777159329263291,114,u19
0.0360339716139381,115,u19
0.012028356943642418,116,u19
0.007558745935333456,117,u19
0.009757582979174114,118,u19
0.040350024307243555,119,u19
0.007344024634501928,120,u19
0.004567475875542883,121,u19
0.01949467930452986,122,u19
0.011914523543297304,123,u19
9.91006614969155e-05,124,u19
0.00511770726714432,125,u19
0.025262968623572777,126,u19
0.016298962082094613,127,u19
0.027951559006055126,128,u19
0.029007276443284373,129,u19
0.019206130343001476,130,u19
0.013203925951119966,131,u19
0.006348527895808714,132,u19
0.012014483212639895,133,u19
0.015898188681223623,134,u19
0.024556069923305467,135,u19
0.015292448368279993,136,u19
0.014234091880480255,137,u19
0.017879193249639845,138,u19
0.020893233659191105,139,u19
0.012542284673432215,140,u19
0.03332778083876837,141,u19
0.004735555921344189,142,u19
0.03267695436494304,143,u19
0.021431633090441493,144,u19
0.014413498950408471,145,u19
0.00653820674558599,146,u19
0.004450924717980201,147,u19
0.014812090902404942,148,u19
0.041080969693401435,149,u19
0.0031718883619684364,150,u19
0.039580005273198195,151,u19
0.013726416405012643,86,u18
0.021406973321559497,87,u18
0.021974916567983636,88,u18
0.027965194109772423,89,u18
0.024725492790051595,90,u18
0.017925420383998684,91,u18
0.03476488406986949,92,u18
0.035511160650490155,93,u18
0.0,94,u18
0.012597761438673723,95,u18
0.07828148257042578,96,u18
0.0,97,u18
0.024986067248746052,98,u18
0.01583997638027753,99,u18
0.02673298594662877,100,u18
0.04388679726884053,101,u18
0.015846944672567448,102,u18
0.00405195869050057,103,u18
0.01305471054924561,104,u18
0.016201871595511896,105,u18
0.024389465792538003,106,u18
0.04852133343366694,107,u18
0.03335752992217702,108,u18
0.005088830018110248,109,u18
0.015493621615046603,110,u18
0.04158333589735701,111,u18
0.00331548806567824,112,u18
0.036588624294445746,113,u18
0.015997478960441923,114,u18
0.03639240506329114,115,u18
0.014481742531969178,116,u18
0.1220848003370347,118,u18
0.030799905188159674,119,u18
0.013281451913964909,120,u18
0.0,121,u18
0.012021675445120748,122,u18
0.01612928730688341,123,u18
0.008644222020018199,124,u18
0.0,125,u18
0.0017265244764612202,126,u18
0.03117174011106099,127,u18
0.01294437077729368,128,u18
0.02881958152388472,134,u18
0.015730063589618766,135,u18
0.015528000128330579,136,u18
0.0,137,u18
0.0007319660009261611,138,u18
0.0012994245405606088,139,u18
0.010973936899862825,140,u18
0.0,141,u18
0.0,142,u18
0.016357672143631197,143,u18
5.8456286389038275e-05,144,u18
0.004004744624129467,145,u18
0.02077133674562552,146,u18
0.010127595782013934,147,u18
0.020239390642002177,149,u18
0.04235290651424531,86,u14
0.1953775789639698,87,u14
0.12523877934420535,88,u14
0.08738145225512199,89,u14
0.10933793059817164,90,u14
0.03515517714913485,91,u14
0.11931281081747565,92,u14
0.08116023488692,93,u14
0.10111712541748244,94,u14
0.1751206601276662,95,u14
0.10994409122423993,96,u14
0.05694567993342707,97,u14
0.051171934069257526,98,u14
0.13454124903623746,99,u14
0.051879773831961115,100,u14
0.03960493632456728,101,u14
0.15557803423912211,102,u14
0.14528366690604802,103,u14
0.03236856338496956,104,u14
0.05341296686810932,105,u14
0.07277654274911971,106,u14
0.05871259930210112,107,u14
0.07996161613268214,108,u14
0.20469888170719194,109,u14
0.055660179953965265,110,u14
0.01749271137026239,111,u14
0.05104447757250958,112,u14
0.08709682066352623,113,u14
0.10464548322794419,114,u14
0.03521205984925188,115,u14
0.10113597607366792,116,u14
0.13892110407899533,117,u14
0.048236540693274134,118,u14
0.03276713812005143,119,u14
0.025622491195152336,120,u14
0.09479546061790721,121,u14
0.06789595799242887,122,u14
0.15721979273591405,123,u14
0.13671010126674168,124,u14
0.016201728184339664,125,u14
0.124462082815339,126,u14
0.046974273513175714,127,u14
0.023511056844390178,128,u14
0.05526484145601286,129,u14
0.17672378341329678,131,u14
0.06274790298458938,132,u14
0.0943299681925045,133,u14
0.09143459915611814,134,u14
0.04034690056174239,135,u14
0.01168814916781379,136,u14
0.017795389048991354,137,u14
0.0,139,u14
0.025770678311833828,140,u14
0.031909834506372456,141,u14
0.023033392995968252,142,u14
0.0,143,u14
0.01567591050611831,144,u14
0.0001678133915086424,145,u14
0.00464514163874505,146,u14
0.0,147,u14
0.006496392345498274,148,u14
0.020510917956328176,149,u14
0.005282405526208858,150,u14
0.09736782133090247,86,u54
0.1285197594692347,87,u54
0.16611063058610323,88,u54
0.1818265280359889,89,u54
0.2535430801875671,90,u54
0.1734139876880985,91,u54
0.04688678906334207,92,u54
0.08280351855077513,93,u54
0.052501503991675205,94,u54
0.09464453072700496,95,u54
0.1320175995261666,96,u54
0.2055764197109366,97,u54
0.04352534466241826,98,u54
0.05694937380165627,101,u54
0.03194447392439454,102,u54
0.0178028282711796,103,u54
0.005687481676927587,104,u54
0.03186979957088283,105,u54
0.028858859607569374,106,u54
0.03654056048331309,107,u54
0.053864687883401575,108,u54
0.03314080387236633,109,u54
0.05270526345560992,110,u54
0.020728403065210524,111,u54
0.02423037169808852,112,u54
0.056910466899655544,113,u54
0.012352172966698107,114,u54
0.036344635392475615,115,u54
0.04850444624090541,116,u54
0.04282859560372297,117,u54
0.06518648603445393,118,u54
0.08388838100213312,119,u54
0.01519252282487099,120,u54
0.05109648278605433,121,u54
0.050337962394002705,122,u54
0.03076010507584103,123,u54
0.022452718859662744,124,u54
0.024657004255825718,125,u54
0.09151231516270077,126,u54
0.09560988262758575,127,u54
0.06800385972127751,128,u54
0.07943578322197475,129,u54
0.0016100805040252012,148,u54
0.03488669343318146,149,u54
0.022985689080572438,150,u54
0.10101698336992454,86,u57
0.05650842476758078,87,u57
0.10369316327463088,88,u57
0.10689665036185246,89,u57
0.03402581051306264,90,u57
0.10650976464697046,91,u57
0.04491452832296749,92,u57
0.10330204162016675,93,u57
0.06394418769996445,94,u57
0.12618815256480528,95,u57
0.08053847758593184,96,u57
0.17831587925887316,97,u57
0.14450822691552062,98,u57
0.05567909033480733,99,u57
0.10297054575142875,100,u57
0.032095203750450774,101,u57
0.04553228687621147,102,u57
0.03900064731364836,103,u57
0.049301055112206095,104,u57
0.06524328782186384,105,u57
0.05803753192434393,106,u57
0.07385352930044786,107,u57
0.056854226084175175,108,u57
0.09112075351889089,109,u57
0.07394469091198895,110,u57
0.05100081416962379,111,u57
0.053716490658001624,112,u57
0.02924321798371824,113,u57
0.047994698408248056,114,u57
0.0766989159575708,115,u57
0.03923532320018255,116,u57
0.06834631662884132,117,u57
0.12223988921088401,118,u57
0.07787293952015018,119,u57
0.06065498741386763,120,u57
0.06322407555453179,121,u57
0.054404621985584614,122,u57
0.0602452940383665,123,u57
0.0690691968401197,124,u57
0.049088198187865584,125,u57
0.08523558677202224,126,u57
0.06067423819723177,127,u57
0.07308934045958924,128,u57
0.09197437301779368,129,u57
0.09289335139437781,130,u57
0.13773593245811785,131,u57
0.061237695839918366,132,u57
0.04458467216393739,133,u57
0.04259689574159424,134,u57
0.056786519835478305,135,u57
0.11009765984890363,136,u57
0.1514534842639307,137,u57
0.1420931000330142,138,u57
0.11949658271562125,139,u57
0.09526244506481661,140,u57
0.0598226427923844,141,u57
0.08729567686967497,142,u57
0.06970242178702253,143,u57
0.144645811890089,144,u57
0.05898696022541118,145,u57
0.04654811715481171,146,u57
0.08168683792015957,147,u57
0.07159121187898167,148,u57
0.11844609906118485,149,u57
0.09740509072892797,150,u57
0.06390774396029487,151,u57
0.0,86,u46
0.24806070111483192,90,u46
0.07089449308187058,91,u46
0.04479399436241219,92,u46
0.01173470211289203,93,u46
0.10844277673545966,94,u46
0.1056855321489823,95,u46
0.0933501923835162,96,u46
0.04682448639065596,97,u46
0.07057884914020315,98,u46
0.07517997712440289,99,u46
0.1358947628322954,100,u46
0.1443906992532247,101,u46
0.14019734133676845,102,u46
0.04842696959886989,103,u46
0.07370684342431422,104,u46
0.08525769293169651,105,u46
0.10104737757364166,106,u46
0.13587445167969922,107,u46
0.08653227222189713,108,u46
0.11492859067636756,109,u46
0.12558047062499111,110,u46
0.05069366026778513,111,u46
0.07368306992151824,112,u46
0.06948844009345392,113,u46
0.13005577737815843,114,u46
0.07330329686047343,115,u46
0.11283577288081068,116,u46
0.11502453291784548,117,u46
0.07766840972008612,118,u46
0.09080125243106801,119,u46
0.01282051282051282,120,u46
0.08247817685080296,121,u46
0.14558551019188237,122,u46
0.15069966260266424,123,u46
0.14481033091202583,124,u46
0.10889333333333333,125,u46
0.14839940336182664,126,u46
0.07590996858699098,127,u46
0.12505012890289316,128,u46
0.04309197651663405,129,u46
0.22455963199820486,130,u46
0.08924629454430778,131,u46
0.08228915662650603,132,u46
0.131247865194125,133,u46
0.047785259374063895,134,u46
0.09849076427242912,135,u46
0.10800785811432732,136,u46
0.177453250699399,137,u46
0.10744492012112353,138,u46
0.026322769701026892,139,u46
0.16624147821449675,140,u46
0.1880719930929136,141,u46
0.041130798921061654,142,u46
0.014837921004931923,143,u46
0.0317215891592239,86,u10
0.014841947529909855,87,u10
0.016931295628354343,88,u10
0.01405582737068356,89,u10
0.007852243594045717,90,u10
0.02291778613648576,91,u10
0.015949225108402753,92,u10
0.02806867346470777,93,u10
0.02259273188193835,94,u10
0.021316133202267617,95,u10
0.022185984049113382,96,u10
0.01019691605465664,97,u10
0.026700848550268358,98,u10
0.01863874912081372,99,u10
0.031775028370561044,100,u10
0.035796391786052914,101,u10
0.0200912610619469,102,u10
0.013337273179052556,103,u10
0.01255783212161269,104,u10
0.017539631533847473,105,u10
0.028218174007598233,106,u10
0.04780359975174126,107,u10
0.014678062066467202,108,u10
0.03522159844274551,109,u10
0.009975897161221211,110,u10
0.023001498025330247,111,u10
0.035114358925690425,112,u10
0.039288754902371284,113,u10
0.00812138767444064,114,u10
0.019994911474624722,115,u10
0.02806216686896406,116,u10
0.013911979464535092,117,u10
0.027987827972155835,118,u10
0.018624928340021597,119,u10
0.030083895554747574,120,u10
0.04441310770883696,121,u10
0.020200611217489443,122,u10
0.045021922789006526,123,u10
0.030960301014287272,124,u10
0.030029950083194677,125,u10
0.05112993912733694,126,u10
0.02065602568373868,127,u10
0.03392544026835404,128,u10
0.049415870125929295,129,u10
0.025449692116358783,130,u10
0.026765082592793102,131,u10
0.02465603959869069,132,u10
0.03205978230841483,133,u10
0.04271729064691097,134,u10
0.028788659793814432,135,u10
0.019369452662721894,136,u10
0.029581605729362984,137,u10
0.024506279542916582,138,u10
0.05255350041032763,139,u10
0.03612463856338457,140,u10
0.05503913160814417,141,u10
0.016739782960055415,142,u10
0.04361587154546858,143,u10
0.03397814057712535,144,u10
0.04307673795987125,145,u10
0.044435394465938145,146,u10
0.04154899073031274,147,u10
0.04995723096778066,148,u10
0.04444776565535794,149,u10
0.04787631373230261,150,u10
0.01327183734939759,151,u10
0.13343648688476276,86,u25
0.06902122444432066,87,u25
0.10628975860470995,88,u25
0.024761984299315185,89,u25
0.0683420719580546,90,u25
0.02132304333789414,91,u25
0.08681466060812298,92,u25
0.12235048945679892,93,u25
0.06159284913632052,94,u25
0.11396114842959774,95,u25
0.032409943843309134,96,u25
0.4562863968941317,97,u25
0.1910108513333105,98,u25
0.04046979683727995,99,u25
0.13569547115302916,100,u25
0.11211050433665275,101,u25
0.08046222222222223,102,u25
0.04997623532311159,103,u25
0.13295133698721143,104,u25
0.07362921846211255,105,u25
0.1724770642201835,106,u25
0.09546799034440553,107,u25
0.12006569300252214,108,u25
0.09563001759317304,109,u25
0.17074064676196116,110,u25
0.027485812149501326,111,u25
0.035844382922920005,112,u25
0.1442945131411914,113,u25
0.17259215405228553,114,u25
0.08926946748728927,116,u25
0.012373422111249827,117,u25
0.0010490733185685977,118,u25
0.06633638118829915,119,u25
0.01709258483452032,120,u25
0.0,121,u25
0.004208754208754209,126,u25
0.0,132,u25
0.0,134,u25
0.03326772240613164,135,u25
0.047619047619047616,144,u25
0.0591984311802917,145,u25
0.0011799990166674861,146,u25
0.0035161744022503515,147,u25
0.0028018339276617422,148,u25
0.03273143311943491,149,u25
0.05091352009744214,86,u24
0.017401716224306526,87,u24
0.055534371935940734,88,u24
0.11491829204006326,89,u24
0.06742228519043253,90,u24
0.031474832147576653,91,u24
0.0,92,u24
0.12638319129289596,93,u24
0.0498406781699032,94,u24
0.05647635706707195,95,u24
0.02306287212236987,96,u24
0.009561870532541204,97,u24
0.035237949842477065,98,u24
0.01934853764122057,99,u24
0.0,100,u24
0.03991262907069103,101,u24
0.10588350300948231,102,u24
0.06927899250774941,103,u24
0.02196396063636124,104,u24
0.046245530393325386,105,u24
0.025122760451227605,106,u24
0.04549233711165923,107,u24
0.05976979614477881,108,u24
0.07229055802727616,109,u24
0.08455918894742073,110,u24
0.03884267391376396,111,u24
0.027783534352937924,112,u24
0.026538663861125723,113,u24
0.07876678269517653,114,u24
0.15348403301040545,115,u24
0.0003487966515521451,116,u24
0.06521113933758328,86,u56
0.05676657009475855,87,u56
0.23485784919653893,88,u56
0.04483021056064944,91,u56
0.0771210293526337,92,u56
0.01581143566031352,93,u56
0.058714572073786504,94,u56
0.06679194564054061,95,u56
0.235179396756699,96,u56
0.00777072192513369,97,u56
0.1306373505313167,98,u56
0.035277343783349985,99,u56
0.018512901038506835,100,u56
0.029032784211384766,101,u56
0.023595992083127165,102,u56
0.040196035658711805,103,u56
0.05373520495839045,104,u56
0.0306974239296293,105,u56
0.021089934168613295,106,u56
0.03993577392421323,107,u56
0.009189134605675048,108,u56
0.029532154641100667,109,u56
0.09308338720103426,110,u56
0.06532456427417738,111,u56
0.08188672401285108,112,u56
0.05555831882616265,113,u56
0.029351635514018693,114,u56
0.03165477787979377,115,u56
0.018781814990345796,116,u56
0.08831161383739768,117,u56
0.09685052816471909,118,u56
0.11164847312422274,119,u56
0.039928010566191094,120,u56
0.014740227420651633,121,u56
0.035523020079432074,122,u56
0.03298631418879401,123,u56
0.020596021994433507,133,u56
0.05811324167872648,134,u56
0.02109704641350211,135,u56
0.023555097502101923,136,u56
0.047074607711602406,137,u56
0.1291708434770156,138,u56
0.11253190772046429,139,u56
0.05096665980048848,140,u56
0.04434754234522856,141,u56
0.023946077774502184,142,u56
0.0709047691296212,143,u56
0.023136982997708912,144,u56
0.04379913959353212,145,u56
0.027505245845857198,146,u56
0.019120110714545852,147,u56
0.03046594982078853,148,u56
0.03328523197560444,149,u56
0.04866526191466803,150,u56
0.17437055340178076,151,u56
0.0,86,u39
0.0036893819334389857,87,u39
0.002837391663227404,92,u39
0.006109161628546062,93,u39
0.0,94,u39
0.0,95,u39
0.0,96,u39
0.09202453987730061,99,u39
0.003225596951919122,100,u39
0.0,101,u39
0.0,102,u39
0.002959448221885242,105,u39
0.0018305350270748902,106,u39
0.017495960327631357,114,u39
0.24517593643586832,115,u39
0.11251444842265512,86,u53
0.014277671972882006,87,u53
0.039127941763063424,88,u53
0.043494238702641186,89,u53
0.025486699360974883,90,u53
0.04269353435778486,91,u53
0.0033910697627511787,92,u53
0.021708027036360947,93,u53
0.007660817313447129,94,u53
0.029022547152423667,95,u53
0.026918965445433218,96,u53
0.018531583058278112,97,u53
0.0345445432903145,98,u53
0.015288587890427575,99,u53
0.026449304174950297,100,u53
0.021112065791088746,101,u53
0.01705293742277979,102,u53
0.010036564996915298,103,u53
0.08499630450849963,104,u53
0.024800770400971374,105,u53
0.02308707124010554,106,u53
0.015054435588894098,107,u53
0.043635305169288575,108,u53
0.02404366329253925,109,u53
0.0017510965002849662,110,u53
0.0073610480575912835,111,u53
0.009585656617478297,112,u53
0.009068127212132172,113,u53
0.01568423109490002,114,u53
0.017040241184952155,115,u53
0.03098173977494778,116,u53
0.06346117394326152,117,u53
0.0,118,u53
0.014158032112631495,119,u53
0.016416742730473333,120,u53
0.02154302048094826,121,u53
0.007040016938386619,122,u53
0.026949173367554508,123,u53
0.03974156206884948,124,u53
0.0332064714712438,125,u53
0.015889846554675312,126,u53
0.03967073818374934,127,u53
0.016510635587823206,128,u53
0.010376479978714912,129,u53
0.05360288023207625,130,u53
0.011039282642129136,131,u53
0.0,132,u53
0.006086266207991532,133,u53
0.00013183394196669874,134,u53
0.024092121740077313,135,u53
2.5764231517384415e-05,136,u53
4.027926960257787e-05,137,u53
0.0014499132641172358,139,u53
0.01825376232485729,140,u53
0.0,141,u53
0.016069846893584715,142,u53
0.0,143,u53
0.0014478694600894783,145,u53
0.0,146,u53
0.0,147,u53
0.022186559679037113,148,u53
0.03476672006407689,149,u53
0.0912673392181589,86,u01
0.178254018279231,87,u01
0.15415118407187622,88,u01
0.05032895734166085,89,u01
0.013028586062293927,90,u01
0.23621163262868744,91,u01
0.10590851716054576,92,u01
0.09979880251133251,93,u01
0.1971826782463366,94,u01
0.1142492852175257,95,u01
0.06407432897453544,96,u01
0.13620948462778673,97,u01
0.12262663026994237,98,u01
0.03175224549270351,99,u01
0.08062443099662614,100,u01
0.08118666829446954,101,u01
0.14886717304720656,102,u01
0.08420803142141262,103,u01
0.04984925823109758,104,u01
0.11803526203000195,105,u01
0.040040532715691954,106,u01
0.07070564686645428,107,u01
0.17546262793342293,108,u01
0.12907576358587863,109,u01
0.024157738216482667,110,u01
0.12072534734663004,111,u01
0.09114825437642173,112,u01
0.06728628134378933,113,u01
0.03512280361129987,114,u01
0.13035798398492698,115,u01
0.12314398312169102,116,u01
0.1400774314131233,117,u01
0.009349946875301844,118,u01
0.13212442021959592,119,u01
0.01842967470161479,120,u01
0.05853372188096186,121,u01
0.15148708191468055,122,u01
0.11078839138415782,123,u01
0.056022623051054724,124,u01
0.1747124176580474,127,u01
0.03650601715897967,128,u01
0.11051930758988016,129,u01
0.15770895599299187,130,u01
0.09895327102803739,131,u01
0.14743122864025995,132,u01
0.06289952212499224,133,u01
0.05301335649907699,134,u01
0.07412938419098583,135,u01
0.1533867299515475,136,u01
0.1005884048632425,137,u01
0.05243269517224078,138,u01
0.06931197670185657,139,u01
0.0,140,u01
0.05472293907384551,141,u01
0.07214879685052022,142,u01
0.07665027806883211,143,u01
0.015751812899198,144,u01
0.10975521698317568,145,u01
0.10855819925682379,146,u01
0.051223914766223476,147,u01
0.033767902243893894,148,u01
0.04763795156808257,149,u01
0.06906638013371538,86,u23
0.03768639146130906,87,u23
0.03610385183501875,88,u23
0.00017409218181026854,89,u23
0.0031719604437874067,90,u23
0.013910963777000742,91,u23
0.0694604483797279,92,u23
6.349878293999365e-05,93,u23
0.018578047418541827,94,u23
0.015779800706429658,95,u23
0.007495835646862854,96,u23
0.02260433616254013,97,u23
0.01180778166632356,98,u23
0.016891839247035356,99,u23
0.012435621853225038,100,u23
0.031220876048462257,101,u23
0.04099075785582255,102,u23
0.015344072767458665,103,u23
0.0031471637880407777,104,u23
0.01596561706149938,105,u23
0.002033727213348376,106,u23
0.013642118440331735,107,u23
0.000319493255914098,108,u23
0.010299255658514354,109,u23
0.014893200078385264,110,u23
0.03250330378487535,111,u23
0.0222285637043601,112,u23
0.022157259575743948,113,u23
0.0036626790725151383,114,u23
0.03142920980114694,115,u23
0.02466054848923952,116,u23
0.006870367022238293,117,u23
0.014101242627269084,118,u23
0.05281097766139532,119,u23
0.003942960481456227,120,u23
0.023640763492131678,121,u23
0.02733564537868577,122,u23
0.013646093471280771,123,u23
0.03666526851704537,124,u23
0.003204082238110778,125,u23
0.029411764705882353,126,u23
0.0033998896527042545,127,u23
0.04906457453228727,128,u23
0.0001648755189831677,129,u23
0.0151369261703152,130,u23
0.02386315969363183,131,u23
0.00018690782568688626,132,u23
0.0,133,u23
0.012267092003190023,134,u23
0.009571480127410522,135,u23
0.0,136,u23
2.8600437586695076e-05,137,u23
0.0002630156202054444,138,u23
0.011023049516469135,139,u23
0.0,140,u23
0.0032622248031563307,141,u23
0.0,142,u23
0.033176248821866164,143,u23
0.0,87,u50
0.007389238080637743,88,u50
0.01092540202501489,89,u50
0.020800273810635053,90,u50
0.028892165231111457,91,u50
0.018222555925012218,92,u50
0.009223206463545216,93,u50
0.004633184188928013,94,u50
0.05089127039689806,95,u50
0.0029069767441860465,96,u50
0.006126001621197826,97,u50
0.013998272772972765,98,u50
0.009667292763978827,99,u50
0.009755054588216428,100,u50
0.004328887932888793,101,u50
0.01164523574019123,102,u50
0.009386635749481616,103,u50
0.0,104,u50
0.01339541070834719,105,u50
0.00027367625402369253,106,u50
0.012091066633153864,107,u50
0.010969304273839912,108,u50
0.019165219628271914,109,u50
0.02050232013934132,110,u50
0.0,111,u50
0.0,112,u50
0.006555511912340345,113,u50
0.01283678756476684,114,u50
0.0,115,u50
0.0,117,u50
0.008901923126832939,118,u50
0.0,119,u50
0.0,129,u50
0.0124375124975005,130,u50
0.0,131,u50
0.0,132,u50
0.025465383182511927,133,u50
0.0,134,u50
0.0,135,u50
0.1059766641484093,86,u27
0.05176966292134831,87,u27
0.005805450258185834,88,u27
0.009996088487113738,89,u27
0.015052409753961521,90,u27
0.022956812201616588,91,u27
0.01931434089811685,92,u27
0.04964659403067996,93,u27
0.015189529049029683,94,u27
0.023424685892638183,95,u27
7.132158904500393e-05,96,u27
0.00571908914874135,97,u27
0.004660239909823517,98,u27
0.04205069124423963,99,u27
0.03412270107474278,100,u27
0.051473531857235244,101,u27
0.017595560610760695,102,u27
0.00038960119005454415,103,u27
0.03712918660287081,104,u27
0.024511296510565737,105,u27
0.012220020416741728,106,u27
0.03318334338420621,107,u27
0.017129572984216322,108,u27
0.04728774159988296,109,u27
0.023391123746114982,110,u27
0.02045028738369693,111,u27
0.022094755900213096,112,u27
0.024061713700260657,113,u27
0.02276017747334008,114,u27
0.03991293630189075,115,u27
0.02347520046442437,116,u27
0.006621140142517815,117,u27
0.009687467397946257,118,u27
0.012939053955009303,119,u27
0.04770225941935682,120,u27
0.021255197466188324,121,u27
0.036913131313131314,122,u27
0.0477692581448769,123,u27
0.00010687871403531273,124,u27
2.9502006136417275e-05,125,u27
0.017499556973241185,126,u27
0.039892191543774214,127,u27
0.013678049391217252,128,u27
0.004487092030863917,129,u27
0.02279616830362556,130,u27
0.02534814583007354,131,u27
2.956961426438192e-05,132,u27
0.003937622508629812,133,u27
0.043243243243243246,134,u27
0.014751565163366415,135,u27
0.0017180059075290856,136,u27
0.009487554040694672,137,u27
0.02414541102550677,138,u27
0.00031212377937307707,139,u27
0.0316785010154316,140,u27
0.011442081758344401,141,u27
0.021304868432580823,142,u27
0.0,143,u27
0.003403500743622011,144,u27
0.0030996587244434704,145,u27
0.024066097234677526,146,u27
0.03601589667163438,147,u27
0.025209952123067262,148,u27
0.019295461758172008,149,u27
0.00081602791378243,150,u27
0.03741545546121744,151,u27
0.010502721741914826,86,u03
0.009612698412698413,87,u03
0.019765319426336376,88,u03
0.0,89,u03
0.0,90,u03
0.018448681590538828,91,u03
0.0,92,u03
0.02430004491690373,93,u03
0.0,94,u03
0.008089636193183536,95,u03
0.034198698194609384,96,u03
0.0,97,u03
0.02727406752174554,98,u03
0.0,99,u03
0.015030593242883746,100,u03
0.0,101,u03
0.0,102,u03
0.012911168634383484,103,u03
0.00012481667550784785,104,u03
0.025620876269552968,105,u03
0.0,106,u03
0.03864924950997803,107,u03
0.010034846857232688,108,u03
0.0,109,u03
0.0,110,u03
0.01054725070505192,111,u03
0.007953159307148084,112,u03
0.056575496440614464,113,u03
0.0,114,u03
0.027923441689672025,115,u03
0.039100919392773145,116,u03
0.0,117,u03
0.014293415703815949,118,u03
0.022897786651276692,119,u03
0.03864373783257625,120,u03
0.0,121,u03
0.0,122,u03
0.0,123,u03
0.0,124,u03
0.003577736515556361,125,u03
0.01890425080346856,126,u03
0.008899629821431996,127,u03
0.0,128,u03
0.0,129,u03
0.0,130,u03
0.0,131,u03
7.528306432185015e-05,132,u03
0.011919236212154433,133,u03
0.0,134,u03
0.008692020972207186,135,u03
0.0,136,u03
0.16636259977194984,141,u03
0.0,86,u35
0.028529839883551674,87,u35
0.031124341510551417,88,u35
0.04236893429977003,89,u35
0.0,90,u35
0.005664015425403712,91,u35
0.06673199412052916,92,u35
0.029396371249127706,93,u35
0.03916768665850673,94,u35
0.06468242957077973,95,u35
0.001974309600994467,96,u35
0.0,97,u35
0.05426393072289157,98,u35
0.10206670027154913,99,u35
0.04395419074922961,100,u35
0.08138955568639884,101,u35
0.021724984471590405,102,u35
0.008687214084376877,103,u35
0.013363555456669262,104,u35
0.019214901862732843,105,u35
0.12590770519043817,106,u35
0.09710582478788195,107,u35
0.08617995975002649,108,u35
0.045385124815851004,109,u35
0.0,110,u35
0.1345813505328981,111,u35
0.028759691842750627,112,u35
0.11850262279446828,113,u35
0.06550380404527742,114,u35
0.0,115,u35
0.0,116,u35
0.01657004023601702,117,u35
0.04030774153977439,118,u35
0.06438813485113835,119,u35
0.0,120,u35
0.09975279546065861,121,u35
0.014940716880268658,122,u35
0.0,123,u35
0.042684642738366294,124,u35
0.0028439294067616415,125,u35
0.043392312725349075,126,u35
0.036435638319007195,127,u35
0.0,128,u35
0.0,129,u35
0.031678788917096266,130,u35
0.025130830650536794,131,u35
0.03549195569569084,132,u35
0.0025949722412825153,133,u35
0.0033674303265984725,134,u35
0.015884567920767017,135,u35
0.0,136,u35
0.0,137,u35
0.0,138,u35
0.026256455014910175,139,u35
0.015852639121089085,140,u35
0.0,141,u35
0.0,142,u35
0.0,143,u35
0.026711934791453302,144,u35
0.0038749113136495117,145,u35
0.0,146,u35
0.02723998199009455,147,u35
0.031369731800766285,148,u35
0.025224597813218192,149,u35
0.021751945295920772,150,u35
0.06623797871735049,151,u35
0.02668856860251519,86,u34
0.05236284339015504,87,u34
0.05705993921528302,88,u34
0.12693347059580493,90,u34
0.04112661425502278,91,u34
0.040237241309389535,92,u34
0.07080792271574289,93,u34
0.2095228350216583,94,u34
0.03656466958086912,95,u34
0.19094234764763615,96,u34
0.6953230148048453,97,u34
0.107712,98,u34
0.03224738378801409,99,u34
0.04215126141653209,101,u34
0.023138051810732224,102,u34
0.09718591419344917,103,u34
0.10410059221420753,105,u34
0.00013662602042559006,106,u34
0.05998020455295282,107,u34
0.03797675074602491,108,u34
0.0390822106916742,109,u34
0.0119197254508735,110,u34
0.0,111,u34
0.003482184264928981,112,u34
0.02355740948713835,113,u34
0.08363530946513988,114,u34
0.009382357014263952,117,u34
0.037101338977810545,118,u34
0.03078533275588278,119,u34
0.0,120,u34
0.08933518005540166,126,u34
0.11849835219945551,127,u34
0.014053693266093148,128,u34
0.012933951623010403,130,u34
0.026400822501285157,131,u34
0.05003730647267301,132,u34
0.012168263407113755,133,u34
0.11964451134784622,134,u34
0.7559449311639549,135,u34
0.021522646964343077,139,u34
0.061392865809269594,140,u34
0.09887505624718763,86,u30
0.1171966549483328,87,u30
0.10403083805263408,88,u30
0.17008228942816708,89,u30
0.12524366471734893,90,u30
0.054059853513389794,91,u30
0.09004940400432455,92,u30
0.06403444997483362,93,u30
0.03579856194997363,94,u30
0.05158209439807362,95,u30
0.544852837628503,96,u30
0.07826694619147449,97,u30
0.02404505314679129,98,u30
0.09978970558782295,99,u30
0.04997411030409897,100,u30
0.04254722798363137,101,u30
0.06006510712393065,102,u30
0.32640578299854034,103,u30
0.033434407915735716,104,u30
0.027074420643678855,105,u30
0.03274848995356864,106,u30
0.02808204467353952,107,u30
0.029765996645310308,108,u30
0.05456685043685721,109,u30
0.0531350908477517,110,u30
0.47758597254315616,111,u30
0.020452283190245116,112,u30
0.03980955967399198,113,u30
0.033208031212698864,114,u30
0.05429911257531238,115,u30
0.09082524485045457,116,u30
0.049066747099109326,117,u30
0.041411402363496365,118,u30
0.05599386368617138,119,u30
0.014497533770108394,120,u30
0.024040568459275026,121,u30
0.026957562150105613,122,u30
0.04389894841640222,123,u30
0.02490092154896624,124,u30
0.037650188021645416,125,u30
0.04378612163662112,126,u30
0.04158426719402329,127,u30
0.05852632276447007,128,u30
0.061399305139571106,129,u30
0.03425162759372695,130,u30
0.2253393665158371,131,u30
0.06060977102975389,132,u30
0.0182133135362534,133,u30
0.026388947687791937,134,u30
0.014401359631468312,135,u30
0.01075923670320747,136,u30
0.07178133514986376,139,u30
0.013947714327442675,140,u30
0.018856855514582636,141,u30
0.08247921744065703,142,u30
0.03042398224966236,143,u30
0.027861919604313914,144,u30
0.026062539885130822,145,u30
0.007584901195124837,146,u30
0.004112789129075774,147,u30
0.04805479956349676,148,u30
0.0698490922554452,149,u30
0.024146382896109885,150,u30
0.018202008497489378,151,u30
0.04619594295060917,86,u08
0.04529537689439585,87,u08
0.031087298704443638,88,u08
0.03528327959465684,89,u08
0.022091642746577298,90,u08
0.09251464265919679,91,u08
0.03492238662929995,92,u08
0.08282705548805185,93,u08
0.026605619843939752,94,u08
0.0790782646074488,95,u08
0.08357094871986266,96,u08
0.016864240470986166,97,u08
0.06381485557522688,98,u08
0.041926264647042015,99,u08
0.040379022944524064,100,u08
0.0326088421166103,101,u08
0.016385215327229568,102,u08
0.015536564864107594,103,u08
0.05344626559631183,104,u08
0.049977696187763786,105,u08
0.043351075215114374,106,u08
0.0400545755774291,107,u08
0.05369664844569599,108,u08
0.0677810151817206,109,u08
0.041658263950908936,110,u08
0.039440643560634536,111,u08
0.03730379085686011,112,u08
0.02019315188762072,113,u08
0.04235148121960722,114,u08
0.06529860293741364,115,u08
0.055183699749165004,116,u08
0.03087800701521805,117,u08
0.01486083284085504,118,u08
0.06788397446760436,119,u08
0.07338252623309578,120,u08
0.08195838433292534,121,u08
0.02639332697016226,122,u08
0.050055325034578144,123,u08
0.03878026958447616,124,u08
0.08145798505436724,125,u08
0.08897220318117595,126,u08
0.05701493834852283,127,u08
0.06095068611230831,128,u08
0.048104736445266985,129,u08
0.10509080083358142,130,u08
0.036799957147065916,131,u08
0.043270908456438294,132,u08
0.02315297995056303,133,u08
0.03616378695770522,134,u08
0.1023044260920946,135,u08
0.0481971523678984,136,u08
0.03833915515266366,137,u08
0.02853948368046099,138,u08
0.036518392628902906,139,u08
0.023924747818553128,140,u08
0.05355093392526075,141,u08
0.038525390006209685,142,u08
0.03923334654321432,143,u08
0.01731638763289747,144,u08
0.02442122069816387,145,u08
0.07440755820022966,146,u08
0.043463707927849746,147,u08
0.04384660392998196,148,u08
0.002230603885306404,149,u08
0.17229227147334517,86,u00
0.1257357168277259,87,u00
0.11215295327395995,88,u00
0.11709707257318568,89,u00
0.16884194024681456,90,u00
0.08584335383129006,91,u00
0.11577265947076026,92,u00
0.06308492201039861,93,u00
0.10919214483379455,94,u00
0.05272938684827973,95,u00
0.2390558414964857,96,u00
0.07838003606836512,97,u00
0.22996146435452794,98,u00
0.05799048814554198,99,u00
0.0531679334947622,100,u00
0.07764007498437825,101,u00
0.04379402325678323,102,u00
0.012813313594364184,103,u00
0.09837128378825366,104,u00
0.04812224812224812,105,u00
0.05869871629711584,106,u00
0.06969970328989555,107,u00
0.04094232539114429,108,u00
0.25057741752734564,109,u00
0.07494205511202678,110,u00
0.06666017733571669,111,u00
0.08053390491036633,112,u00
0.03470971544582337,113,u00
0.07122507122507123,115,u00
0.03911117513595275,116,u00
0.8009393615396365,117,u00
0.07383612281922222,119,u00
0.09136652542372882,120,u00
0.11580497314336673,121,u00
0.14050677117690427,129,u00
0.05529735132433783,130,u00
0.0501106773005862,131,u00
0.03899289670117987,132,u00
0.09886205939494866,133,u00
0.03087827062784242,134,u00
0.035254179509395904,135,u00
0.0955800420948372,136,u00
0.09737809117092065,137,u00
0.30054945054945054,142,u00
0.2606274030687412,143,u00
0.07465771118574012,144,u00
0.06584719130548644,145,u00
0.012055683200432491,146,u00
0.04919621838689779,147,u00
0.14205196790217806,148,u00
0.1607266383951397,149,u00
0.0784527617671772,150,u00
0.6186738277215451,151,u00
0.03957753460174629,86,u51
0.0781173455929457,87,u51
0.08181503911501478,88,u51
0.11412844484585154,89,u51
0.04540849460968957,90,u51
0.055111100699284314,91,u51
0.08502034037021881,92,u51
0.007077400922314559,93,u51
0.058002453813190136,94,u51
0.12823519942970807,95,u51
0.1043145192283057,96,u51
0.09719206565340595,97,u51
0.059785825754722056,98,u51
0.027571186377754953,99,u51
0.12987218342337595,100,u51
0.06925956034278359,101,u51
0.0802905874921036,102,u51
0.10507909100220958,103,u51
0.042566820739549836,104,u51
0.10723411754339589,105,u51
0.05269270371878068,106,u51
0.0483053552052084,107,u51
0.05222289693665293,108,u51
0.03628856567836172,109,u51
0.04181525823091129,110,u51
0.058179648795165094,111,u51
0.047937878349295845,112,u51
0.06793719378110412,113,u51
0.0963326535550102,114,u51
0.16711190985039828,115,u51
0.03156903401446683,116,u51
0.04046086239367791,117,u51
0.04719033685947933,118,u51
0.03713817586018569,119,u51
0.019537319445243714,120,u51
0.045997455227045736,122,u51
0.11954058708516231,123,u51
0.41830065359477125,124,u51
0.016557566422795534,125,u51
0.015589076431335166,126,u51
0.014834400913650132,127,u51
0.027777777777777776,128,u51
0.06450964882544226,129,u51
0.11648952466240897,130,u51
0.16506684088853152,131,u51
0.26975861893364567,132,u51
0.03588792329454016,133,u51
0.04692790441890056,134,u51
0.059364018914580714,135,u51
0.07503171713828673,136,u51
0.05129489327602535,137,u51
0.14915449770788428,138,u51
0.04736200171478946,139,u51
0.16645694277273224,140,u51
0.06906784216750887,141,u51
0.0595445389053911,142,u51
0.07448314924950439,143,u51
0.05664440396680834,144,u51
0.11927793434381903,145,u51
0.0778118645462346,146,u51
0.08515701269118126,147,u51
0.015840294051867484,148,u51
0.056986079084464944,149,u51
0.11787994191621688,150,u51
0.0935574091032844,151,u51
0.03878119759297623,86,u12
0.02852656063665238,87,u12
0.047070996272305925,88,u12
0.02139094533029613,89,u12
0.018510168727307246,90,u12
0.07364368887932478,91,u12
0.04163531781666383,92,u12
0.041971655505373,93,u12
0.038882621404030565,94,u12
0.0669462370991638,95,u12
0.02317853513854942,96,u12
0.09616507075136849,97,u12
0.10593181400477854,98,u12
0.041686221749423776,99,u12
0.06397489053357616,100,u12
0.03800606283820155,101,u12
0.05677171036805388,102,u12
0.006607910160540583,103,u12
0.010641823470928305,104,u12
0.017946815089672233,105,u12
0.04125443345155871,106,u12
0.035270103484287475,107,u12
0.049433690670101144,108,u12
0.020005701950881766,109,u12
0.01878238341968912,110,u12
0.002256932615657151,111,u12
0.020452547313867937,112,u12
0.023210668467251856,113,u12
0.025878240605884065,114,u12
0.039328673497073606,115,u12
0.056662416321326105,116,u12
0.010975152952927955,117,u12
0.046008119079837616,118,u12
0.039870249833515926,119,u12
0.18074324324324326,120,u12
0.03013012651523359,121,u12
0.03315052795285258,122,u12
0.0455982373790593,123,u12
0.024928601673919117,124,u12
0.00969043486257515,125,u12
0.016821079667935605,126,u12
0.0665688062934671,127,u12
0.060553595301233866,128,u12
0.030255639097744362,129,u12
0.027127864217523955,130,u12
0.09132984827234476,131,u12
0.03576410269298918,132,u12
0.0638088408668279,133,u12
0.11227372967012772,134,u12
0.008185337675904873,135,u12
0.22321106733123688,136,u12
0.056162779350053676,137,u12
0.04337187964230579,138,u12
0.028227045195800278,139,u12
0.058657929862880716,140,u12
0.041979934119540346,141,u12
0.03851850338607369,142,u12
0.056524504800366866,143,u12
0.09952625038831936,144,u12
0.024570805314370614,145,u12
0.0543952111393064,146,u12
0.02315243767924112,147,u12
0.044634813257677534,148,u12
0.06399657356866807,149,u12
0.08137691552804409,150,u12
0.24958757884522076,151,u12
0.058959537572254334,86,u07
0.0758546184119145,87,u07
0.05868137235998098,88,u07
0.045403863606897445,89,u07
0.04396313601982601,90,u07
0.0634705934896066,91,u07
0.059923249766467214,92,u07
0.09585354154452913,93,u07
0.07116812255712075,94,u07
0.03781871110218832,95,u07
0.039183273640064895,98,u07
0.006131281558066843,99,u07
0.022588801926550273,100,u07
0.013311125182391323,101,u07
0.032458122513140446,102,u07
0.027083725896614536,103,u07
0.03942232630757221,104,u07
0.03867240161776979,105,u07
0.04125869579351148,106,u07
0.04803004186161044,107,u07
0.024945005966672897,108,u07
0.10119062634008526,109,u07
0.02124697780057147,110,u07
0.12726877929774816,111,u07
0.006681130121788867,112,u07
0.015235810534912209,113,u07
0.013832712164721697,114,u07
0.018593490432535532,115,u07
0.009301651345115425,116,u07
0.007625887184906748,117,u07
0.02182612318063042,118,u07
0.07273790239089924,119,u07
0.03107627236693809,120,u07
0.059883498027381674,121,u07
0.025115806840535566,122,u07
0.02365607328937946,123,u07
0.015582646779986914,124,u07
0.009256600626222022,125,u07
0.03789361579644235,126,u07
0.019356245231013595,127,u07
0.03042644315405029,128,u07
0.0,129,u07
0.0,130,u07
0.01542902922813415,131,u07
0.05276184808483012,132,u07
0.03716826752045536,133,u07
0.008052996584204533,134,u07
0.0,86,u52
0.039658165309120044,88,u52
0.07493295278399724,89,u52
0.04427058933758081,90,u52
0.04895938104448743,91,u52
0.43846870036694235,92,u52
1.1950633981403211,93,u52
1.4148887119084546,94,u52
0.042810216531474155,95,u52
0.054340871483728626,96,u52
0.029291876007204475,97,u52
0.057709885819635307,98,u52
0.04409463865566291,99,u52
0.03282402275027715,100,u52
0.04000772562977679,101,u52
0.035677265385820695,102,u52
0.02357152263177427,103,u52
0.029279670001349293,104,u52
0.022057685669051388,105,u52
0.038524702340221706,106,u52
0.020883592501089957,107,u52
0.02794256727710429,108,u52
0.03113904894942087,109,u52
0.01946787014966908,110,u52
0.02349449587929954,111,u52
0.04935619115825911,112,u52
0.03409641235062368,113,u52
0.05162154120797382,114,u52
0.07037431839612972,115,u52
0.0363218781898605,116,u52
0.02807273446481328,117,u52
0.04492277757509425,118,u52
0.04352890687266262,119,u52
0.059526995619286406,120,u52
0.05343292157426027,121,u52
0.0412739008646937,122,u52
0.06428417224371855,123,u52
0.03170271342526359,124,u52
0.037175171344845125,125,u52
0.054358930087336874,126,u52
0.04146924229538736,127,u52
0.05098469089051932,128,u52
0.08168299286939511,129,u52
0.03630258041710852,130,u52
0.0359316327851871,131,u52
0.022925263640531865,132,u52
0.04399251704785469,133,u52
0.052793093984681023,134,u52
0.03925873313101311,135,u52
0.053333845543134466,136,u52
0.1199872591176939,137,u52
0.028968323906878375,138,u52
0.03964730003396184,139,u52
0.059737889137658116,140,u52
0.057216916780354704,141,u52
0.2573983423263058,142,u52
2.0,143,u52
2.0,144,u52
2.0,145,u52
2.0,146,u52
0.10379169044037553,147,u52
0.04276633142585275,148,u52
0.0623718352181593,149,u52
0.02823901643019968,150,u52
0.05429943609529719,151,u52
0.03290411392790576,86,u22
0.05554282221712889,87,u22
0.03371353961371699,88,u22
0.0380932556203164,89,u22
0.03214005748628168,90,u22
0.017520942780065312,91,u22
0.06327385779940524,92,u22
0.025121695648137096,93,u22
0.06204863857912063,94,u22
0.0587850994056159,95,u22
0.04086559509662893,96,u22
0.08784148315268037,97,u22
0.03482966514127987,98,u22
0.06832596336070752,99,u22
0.023450649383274298,100,u22
0.07246878049383021,101,u22
0.03558020684476954,102,u22
0.09743145669642289,103,u22
0.05282531084574665,104,u22
0.04008540363088847,105,u22
0.053105487198989165,106,u22
0.037630230468465406,107,u22
0.06117314450972001,108,u22
0.02666171457374418,109,u22
0.014762428753353693,110,u22
0.04792092370565499,111,u22
0.018360360140839922,112,u22
0.03597927360303598,113,u22
0.022713083435307046,114,u22
0.024495407111166656,115,u22
0.007684125295695937,117,u22
0.24466012141197632,118,u22
0.09154929577464789,119,u22
0.0051818074144261515,123,u22
0.0,124,u22
0.07899308027451092,125,u22
0.002833273969497782,126,u22
0.036521902411545376,127,u22
0.005150147611554018,128,u22
0.02000280151281692,129,u22
0.06515608558400561,130,u22
0.025550366911274183,131,u22
0.06823616723014761,132,u22
0.011107366893047851,133,u22
0.03522074867303199,134,u22
0.032552970810490446,135,u22
0.08972366267314068,136,u22
0.033688392109516484,137,u22
0.022563272669390354,138,u22
0.195682520689999,139,u22
0.01154088372706103,140,u22
0.017543859649122806,141,u22
0.05653196789371713,142,u22
0.07042178252214458,143,u22
0.02022357314438316,144,u22
0.009957679860592481,145,u22
0.04898136107498916,146,u22
0.044468601476387905,147,u22
0.004989868287740628,148,u22
0.0,149,u22
0.023055493291491883,150,u22
0.015830527957960423,151,u22
0.0,86,u43
0.0935672514619883,91,u43
0.08276151265629765,92,u43
0.05806451612903226,93,u43
0.1258411168022497,94,u43
0.1686638319804149,95,u43
0.496,97,u43
0.09251010758582882,98,u43
0.06784785632218661,99,u43
0.04906438184537041,100,u43
0.254759085526915,101,u43
0.08075657894736842,102,u43
0.08211697286364403,103,u43
0.03335768974171617,104,u43
0.06018832215705974,105,u43
0.08809985073204815,106,u43
0.06993795826283136,107,u43
0.12686399400524542,108,u43
0.4130161334427126,109,u43
0.059634355875596054,110,u43
0.047344751964022984,111,u43
0.0312156796485596,112,u43
0.03703315148971884,113,u43
0.11122836639932461,114,u43
0.12317473444809139,115,u43
0.07189182421434831,116,u43
0.10015844410309752,117,u43
0.2640073966450931,118,u43
0.03575289863177124,119,u43
0.09141344447886451,120,u43
0.03284258210645526,121,u43
0.020236430086179667,122,u43
0.03320671966166738,123,u43
0.01191330110712615,124,u43
0.01236555872880841,125,u43
0.014989382520714493,126,u43
0.015945116954271935,127,u43
0.0064146102180967475,128,u43
0.0,129,u43
0.05895689449869016,130,u43
0.04136163982430454,131,u43
0.0,132,u43
0.017337975238051324,133,u43
0.005337632658172369,134,u43
0.025027558894377987,135,u43
0.0042763313329868165,136,u43
0.014108144962500655,138,u43
0.007143176034644404,139,u43
0.03147425987031867,140,u43
0.01880761569463103,141,u43
0.0,142,u43
0.011413225914736489,143,u43
0.025142395647368868,144,u43
0.04105877999788561,145,u43
0.12458535563392577,146,u43
0.03998574483250178,147,u43
0.025292428879872826,148,u43
0.024629584649016274,149,u43
0.0,86,u42
0.0,90,u42
0.004094488188976378,91,u42
0.03336212341923092,92,u42
0.02765332177096883,93,u42
0.06819287153477385,94,u42
0.05941321291094819,95,u42
0.12922347362181388,96,u42
0.0016915978071224238,97,u42
0.023077721821296922,98,u42
0.01944469648852191,99,u42
0.009013785790031814,100,u42
0.01833185802804032,101,u42
0.012306262003498599,102,u42
0.024330470231993685,103,u42
0.01724718155813562,104,u42
0.003952243721696171,105,u42
0.054461449610164595,106,u42
0.12779948537119984,107,u42
0.025825124877456702,108,u42
0.06883822573976729,109,u42
0.006429192006950478,111,u42
0.035741329698621836,112,u42
0.026031036381896525,113,u42
0.01101769557210345,114,u42
0.014726027397260274,116,u42
0.0036836181315870256,117,u42
0.006037227367002656,118,u42
0.08302071840137305,119,u42
0.010648794802465496,120,u42
0.009822549640543573,121,u42
0.039341563786008234,122,u42
0.09145662847790507,123,u42
0.0,124,u42
0.010120947421468168,125,u42
0.04031336317744547,126,u42
0.027493310004116922,127,u42
0.010643061343987875,128,u42
0.05847397195150939,130,u42
0.0014781217729361977,131,u42
0.05271585170587511,133,u42
0.03864021292039681,134,u42
0.037930883447943584,135,u42
0.0,138,u42
2.0118430494175714e-05,139,u42
0.07157164492647418,141,u42
0.0,86,u41
0.04943808640065986,87,u41
0.06516215100212813,88,u41
0.004398209112457203,89,u41
0.015788242095555342,90,u41
0.02608922893770235,91,u41
0.007544446631240569,92,u41
0.04747469128935365,93,u41
0.01728738832811231,94,u41
0.011662963015385486,95,u41
0.01012605097128766,96,u41
0.005714285714285714,97,u41
0.0,98,u41
0.01684707188454066,99,u41
0.04504752920687904,100,u41
0.009536930526203151,101,u41
0.027729423924277866,102,u41
0.013853854382651647,103,u41
0.002723240916046373,104,u41
0.011169835994115404,105,u41
0.018340568752743768,106,u41
0.01592662902788393,109,u41
0.03936762034514078,110,u41
0.019076426698931236,111,u41
0.018274227628347895,112,u41
0.019659886628876293,113,u41
0.017528061976991506,114,u41
0.032970438960133276,115,u41
0.01260585437531418,116,u41
0.022570129084838447,117,u41
0.04002618189003606,118,u41
0.02650929631181289,119,u41
0.02242950419746,120,u41
0.02091633466135458,121,u41
0.0,127,u41
0.021682946548090814,128,u41
0.0,129,u41
0.0782581255916693,130,u41
0.05889686437476389,131,u41
0.013734718239321634,132,u41
0.02507613459110154,133,u41
0.0,134,u41
0.0,135,u41
0.0,136,u41
0.02079115402585267,140,u41
0.020939194043498137,141,u41
0.008346343220847844,142,u41
0.11604153662826988,144,u41
0.06615688633044076,145,u41
0.008766357514928217,146,u41
0.004362613294396267,147,u41
0.009939037407785184,148,u41
0.03779936930026421,149,u41
0.03463915870594846,86,u02
0.029591313038545692,87,u02
0.032502980485662296,88,u02
0.06458117533319523,89,u02
0.07333362433977912,90,u02
0.027705237880834458,91,u02
0.04187572365881899,92,u02
0.03504203556283015,93,u02
0.04508489085461549,94,u02
0.046557265591198466,95,u02
0.08860271208569478,96,u02
0.02735009238004591,97,u02
0.02161451941263951,98,u02
0.04562749500998004,99,u02
0.033526279903091497,100,u02
0.029549931807849674,101,u02
0.09886302937809996,102,u02
0.025180107714905225,103,u02
0.030305424947647083,104,u02
0.019736028896732635,105,u02
0.03794147607552014,106,u02
0.0357563723828434,107,u02
0.026351136159076118,108,u02
0.028724143924908744,109,u02
0.0588540006375518,110,u02
0.02620727216141916,111,u02
0.027447578513628907,112,u02
0.03687763713080169,113,u02
0.024234463508743125,114,u02
0.027665020133352897,115,u02
0.04342010642887962,116,u02
0.08230446725459015,117,u02
0.07871889140271493,118,u02
0.04282088913349232,119,u02
0.023493040612317162,120,u02
0.036740193114884356,121,u02
0.031334354709272635,122,u02
0.041454992497242965,123,u02
0.07483888474323316,124,u02
0.027440791072396584,125,u02
0.032166823803449617,126,u02
0.06966329914869553,127,u02
0.02991409060870842,128,u02
0.037640240943218474,129,u02
0.08535232828779855,130,u02
0.04080976347059864,131,u02
0.04103450760031698,132,u02
0.03165098374679213,133,u02
0.03907769367453444,134,u02
0.0450369523498428,135,u02
0.09010166156536947,136,u02
0.06866914761651603,137,u02
0.04033799739754856,138,u02
0.031149857964484124,139,u02
0.04205122117695937,140,u02
0.039459427801692586,141,u02
0.030966275314306308,142,u02
0.03811461415888914,143,u02
0.06023422869441261,144,u02
0.012732657119558219,145,u02
0.02943356125117105,146,u02
0.020781189662323545,147,u02
0.04501563572572649,148,u02
0.029767890904702523,149,u02
0.0530210524767187,150,u02
0.04454041237986367,151,u02
0.018585661619085342,86,u16
0.03105170162095721,87,u16
0.017873100983020553,88,u16
0.030180994787471695,89,u16
0.019270141439399858,90,u16
0.028401963669025754,91,u16
0.019719302546502008,92,u16
0.04383687888795024,93,u16
0.031765373572811645,94,u16
0.06531499259683814,95,u16
0.01213199875904185,96,u16
0.011697570383016392,97,u16
0.01806234028127879,98,u16
0.033492081929763426,99,u16
0.030374673159122578,100,u16
0.052017645944409864,101,u16
0.04713468953596596,102,u16
0.008809316565116907,103,u16
0.008461993109313958,104,u16
0.008854624377513248,105,u16
0.04912581469931868,106,u16
0.03153357220323161,107,u16
0.0739945894479121,108,u16
0.02224249228178501,109,u16
0.002555143380485477,110,u16
0.019189073585156122,111,u16
0.01756357016895159,112,u16
0.04246287641247116,113,u16
0.025362027353177795,114,u16
0.0034551542352354494,115,u16
0.013899019369478889,116,u16
0.0050224238768391515,117,u16
0.020021318401890403,118,u16
0.04184967746611582,119,u16
0.08738621586475943,120,u16
0.049207822448015894,121,u16
0.016740708635821867,122,u16
0.023643595863166268,123,u16
0.0017566725222417409,124,u16
0.007095703298234944,125,u16
0.036028530503668624,126,u16
0.08868051807879115,127,u16
0.02415859596554123,128,u16
0.061311583040832306,129,u16
0.04620339033590267,130,u16
0.04059946657635155,131,u16
0.012774838965058117,132,u16
0.01597813057334152,133,u16
0.0036653917477978675,134,u16
0.038655366750422325,135,u16
0.009918845807033363,136,u16
0.02235983541831179,137,u16
0.019317812669193288,138,u16
0.02540241448692153,139,u16
0.023733769025711584,140,u16
0.04121098399451081,141,u16
0.029599605338595486,142,u16
0.011177875154154969,143,u16
0.006815413718935448,144,u16
0.02375899860320189,145,u16
0.003931310906506512,146,u16
0.03680026971304089,147,u16
0.026240882405265967,148,u16
0.002407566638005159,149,u16
0.008901300287983244,87,u47
0.07175292938541679,88,u47
0.0014202427194807592,89,u47
0.0033640740096282117,90,u47
0.006550999418682645,91,u47
0.021218370746410725,93,u47
0.011289546678130214,94,u47
0.02678376012256511,95,u47
0.056637378294941816,98,u47
0.0,100,u47
0.014683996428217085,101,u47
0.00501561083694229,102,u47
2.5494270162780914e-05,103,u47
0.19543006693844683,104,u47
0.017032475916178368,105,u47
0.006007671334165165,106,u47
0.0122743195904069,107,u47
0.009024621941513261,108,u47
0.02365068334491545,109,u47
0.0029069285939078726,110,u47
0.007935256713437385,111,u47
0.009472976937417785,112,u47
0.015322472960341834,113,u47
0.02912280701754386,114,u47
0.0,116,u47
0.0073693613220187585,117,u47
0.0004798706874779007,118,u47
0.01394902792711633,119,u47
0.02565185498032765,120,u47
0.0,122,u47
0.04413842473108152,123,u47
0.34665544804375265,124,u47
0.0034159141411753582,125,u47
0.0005972823652381663,126,u47
0.0,131,u47
0.011906721536351165,132,u47
0.0,135,u47
0.014755959137343927,137,u47
0.005394022241105405,138,u47
0.03724540825604655,139,u47
0.10033051679550829,140,u47
0.12107525221330039,141,u47
0.09735543895002682,142,u47
0.05058776462176219,143,u47
0.13841883567480703,144,u47
0.01987472898096844,145,u47
0.0036668092648047424,146,u47
0.11492975101455875,147,u47
0.08971141781681305,148,u47
0.06950817255422263,149,u47
0.030767655191584614,86,u05
0.020040873877156574,87,u05
0.03539636035833005,88,u05
0.03296379605826907,89,u05
0.0,90,u05
0.02161084204957063,91,u05
0.02235105119787665,92,u05
0.030134512096582536,93,u05
0.021676319997849837,94,u05
0.015826700682870194,95,u05
0.014858419771203682,96,u05
0.017960460909105726,97,u05
0.04005379871407952,98,u05
0.033530139539254225,99,u05
0.0689885303658177,100,u05
0.041647198081176215,101,u05
0.011185116043601387,102,u05
0.029204514175612442,103,u05
0.039024688153655895,104,u05
0.028911849293181368,105,u05
0.0,106,u05
0.02609315743411883,107,u05
0.011400651465798045,108,u05
0.04464469973171906,109,u05
0.06164454852979443,110,u05
0.024442601356296043,111,u05
0.014033864724551008,112,u05
0.013493806259114605,113,u05
0.026252669623788402,114,u05
0.022962402220539996,115,u05
0.04700016470271161,116,u05
0.004924548319161401,117,u05
0.005573481959518921,118,u05
0.023230572096178487,119,u05
0.011043531539070789,120,u05
0.012776381306136826,121,u05
0.002134279229855861,122,u05
0.04766500622665006,123,u05
0.005385377622678903,124,u05
0.025730794409814135,125,u05
0.022250595581022374,126,u05
0.0026790639035536995,127,u05
0.05111461382571493,128,u05
0.01599737926892523,129,u05
0.010099669537750999,130,u05
0.007782895492300037,131,u05
0.008070061628284138,132,u05
0.009032839858720974,133,u05
0.010732803318354649,134,u05
0.010980159403086316,135,u05
0.002484374591385758,136,u05
0.0,137,u05
0.01731012658227848,138,u05
0.00425624498565387,139,u05
0.021534750577602117,140,u05
0.05785881633900377,141,u05
0.019357507238384117,142,u05
0.022186306200411402,143,u05
0.017824555447099266,144,u05
0.0,145,u05
0.0,146,u05
0.03173017026578073,147,u05
0.059478688038621975,148,u05
0.015477051810374658,149,u05
0.0,86,u45
0.08437824731555248,91,u45
0.04169998154868073,92,u45
0.06654352792495018,93,u45
0.06481084556853499,94,u45
0.06197486334214095,95,u45
0.24152136424602413,96,u45
0.11676042882921134,98,u45
0.019939761332875824,99,u45
0.026797623378198132,100,u45
0.08380554727110051,101,u45
0.06436049597143823,102,u45
0.1046760391198044,103,u45
0.05336462354542172,104,u45
0.01956775258606328,105,u45
0.0,106,u45
0.06436468271997577,107,u45
0.021534821920471854,108,u45
0.15809854453198025,109,u45
0.0,110,u45
0.03260816782401787,111,u45
0.0024639239795181305,112,u45
0.1755338078291815,113,u45
0.0021965748324646313,117,u45
0.0034926159572668167,118,u45
0.009900102459016394,119,u45
0.11003563517287875,120,u45
0.0008034653811220568,121,u45
0.0,124,u45
0.010034141060871013,125,u45
0.11827542447753522,126,u45
0.11689224819827737,127,u45
0.020419915464083754,128,u45
0.0,129,u45
0.023505212912950633,130,u45
0.01620785818814369,131,u45
0.003123199611874223,132,u45
0.028041913054206728,133,u45
0.06609657947686116,134,u45
0.04150686626252629,135,u45
0.05765160577896383,137,u45
0.023508851054233847,139,u45
0.03926831402981591,140,u45
0.006033117598457725,141,u45
0.022775690436534067,144,u45
0.01620278891209846,145,u45
0.002159424153559051,146,u45
0.018555958678372616,147,u45
0.013331815659547828,148,u45
1.0,149,u45
0.04168072381536574,86,u17
0.017831317642197607,87,u17
0.007499877452982795,88,u17
0.0006854928842858207,89,u17
0.0,90,u17
0.02237208620436886,91,u17
0.01630215366624438,92,u17
0.022914644317140864,93,u17
0.02750061507339876,94,u17
0.020118877860763246,95,u17
0.012877512782241418,96,u17
0.005696573678478679,97,u17
0.014895997627424813,98,u17
0.0,99,u17
0.020876710031720303,100,u17
0.028746331766116563,101,u17
0.011481007255655143,102,u17
0.0,103,u17
0.021223520095030687,104,u17
0.017996661570184175,105,u17
0.02187997363471215,106,u17
0.02085195598823319,107,u17
0.014726889327256649,108,u17
0.021630440503131416,109,u17
0.002135940763242833,110,u17
0.0190077218870166,111,u17
0.008441072764184208,112,u17
0.024617488674245663,113,u17
0.010505286619010084,114,u17
0.03010435817021737,115,u17
0.04769893111638955,116,u17
0.013286455991169618,117,u17
0.0,118,u17
0.03142647433304873,119,u17
0.015206633676608265,120,u17
0.03681432235253106,121,u17
0.016833517832218318,122,u17
0.014735283228433914,123,u17
0.0,124,u17
0.0008526940187839842,125,u17
0.03864951407224313,126,u17
0.03329538986909505,127,u17
0.01827124851303848,128,u17
0.023223890632003585,129,u17
0.019742115106092778,131,u17
0.006984490322959311,132,u17
0.027876588021778583,133,u17
0.008697205352971889,134,u17
0.014751389908738068,135,u17
0.0,136,u17
0.02541159157501938,137,u17
0.0,138,u17
0.0,139,u17
0.01711411587954798,140,u17
0.011750265484284709,141,u17
0.025071809009685194,142,u17
0.037646092506716404,143,u17
0.028317236126977532,144,u17
0.007088819588819589,145,u17
0.0,146,u17
0.0,147,u17
0.02571771159226539,148,u17
0.03621979901646354,149,u17
0.0,150,u17
0.00011780228065215342,151,u17
0.0,86,u49
0.036859987357774966,87,u49
0.06850161859678233,88,u49
0.021430147174687213,89,u49
0.05095092744775769,90,u49
0.04479588419738805,91,u49
0.0363596367178907,92,u49
0.04305474381453341,93,u49
0.03018947164386438,94,u49
0.05983700314555333,95,u49
0.04444220384934239,96,u49
0.11075316596311931,97,u49
0.03187151118093392,98,u49
0.037910456803586574,99,u49
0.044292003132849,100,u49
0.03665359405424677,101,u49
0.03723325974981604,102,u49
0.17329461706267318,103,u49
0.03931635299594334,104,u49
0.043508150139782154,105,u49
0.03405302542530512,106,u49
0.036104593726846136,107,u49
0.025786341739869652,108,u49
0.035571821385693814,109,u49
0.027185159820750645,110,u49
0.03693686849502393,111,u49
0.028248509983795217,112,u49
0.028280254777070062,113,u49
0.05271272860501328,114,u49
0.05417952274464291,115,u49
0.026959212690624217,116,u49
0.03005547369333449,117,u49
0.027231194903802845,118,u49
0.09018229568978835,119,u49
0.04076988429484586,120,u49
0.04927022900763359,121,u49
0.04492454623426598,122,u49
0.10468835486721939,123,u49
0.022531149798790593,124,u49
0.07133667824520777,125,u49
0.05861393844320407,126,u49
0.0652588356063939,127,u49
0.0,128,u49
0.03268451228864624,132,u49
0.006471603388766865,133,u49
0.018087686810463993,134,u49
0.016415725637808447,135,u49
0.018709557653548318,136,u49
0.019797205391368863,137,u49
0.024909752101344062,138,u49
0.02957012846399204,139,u49
0.015167645695820443,140,u49
0.014428148073735497,141,u49
0.016908331892399278,142,u49
0.046906187624750496,143,u49
0.010367440131683746,144,u49
0.007716374356968803,145,u49
0.004464914221355162,146,u49
0.023686952734964305,147,u49
0.0061256592949014525,148,u49
0.026066089259116236,149,u49
0.008825844946892999,150,u49
0.028865721173413482,151,u49
0.023946360153256706,86,u09
0.040979980090697934,87,u09
0.10209111389993498,88,u09
0.016705784895761425,89,u09
0.7690839694656488,90,u09
0.06629023150762281,91,u09
0.0443278891692117,92,u09
0.03082638164754953,93,u09
0.042491268917345754,94,u09
0.09987441337828012,95,u09
0.055109745534182096,96,u09
0.04455659937370911,97,u09
0.06211168873512417,98,u09
0.0729909727921217,99,u09
0.03630670946725913,100,u09
0.05497577944666602,101,u09
0.04948950652297221,102,u09
0.05665055951169888,103,u09
0.029454175325501507,104,u09
0.02829704776017326,105,u09
0.03794420458319495,106,u09
0.050032113037893386,107,u09
0.06595202300803975,108,u09
0.07752414836489385,109,u09
0.0868781646022256,110,u09
0.12743913770674595,111,u09
0.019498324362750077,112,u09
0.033416010248303304,113,u09
0.03579994308865974,114,u09
0.0526641627801395,115,u09
0.06350530203741213,116,u09
0.06815379623621025,117,u09
0.07541922157344307,118,u09
0.040021210683486366,119,u09
0.04594113791704379,120,u09
0.031098869016641068,121,u09
0.05139630599680261,122,u09
0.05925952258225058,123,u09
0.027400341346599102,124,u09
0.012102253425433133,125,u09
0.03391703217598018,126,u09
0.030938004423985175,127,u09
0.043720439911106045,128,u09
0.053369444001911744,129,u09
0.049373265716199405,130,u09
0.03293869584419655,131,u09
0.050527493606138105,132,u09
0.03237433935560912,133,u09
0.04067841332199713,134,u09
0.0424863431115602,135,u09
0.05800293685756241,136,u09
0.029689374557333448,137,u09
0.09247170259842376,138,u09
0.04938574938574938,139,u09
0.019489080382903107,140,u09
0.06629081078583146,141,u09
0.05367798823380744,142,u09
0.04003982047042149,143,u09
0.02548910005589715,144,u09
0.03834272643667319,145,u09
0.19469361408507133,146,u09
0.057249880108356126,147,u09
0.00986819115776526,148,u09
0.0619660345905397,149,u09
0.009630565203662773,150,u09
0.012975430116807641,151,u09
0.07564150864414584,86,u32
0.12442303156901721,87,u32
0.030445825279938662,88,u32
0.06041860947052119,89,u32
0.1004305482006769,90,u32
0.033449850311919854,91,u32
0.04435420624270203,92,u32
0.047618313550177274,93,u32
0.02680058631487774,94,u32
0.026389541137083212,95,u32
0.03389733704576283,96,u32
0.013258203513423931,97,u32
0.021064377682403435,98,u32
0.033172427109480596,99,u32
0.05419777768710814,100,u32
0.07584186495878328,101,u32
0.08514982898565522,102,u32
0.038549607257760646,103,u32
0.07438249823570925,107,u32
0.04821676995067661,108,u32
0.11559711635052887,109,u32
0.0494281328225483,110,u32
0.025443716811827177,111,u32
0.05768349101821364,112,u32
0.17816957770349795,113,u32
0.1364323888272663,114,u32
0.1225584709531394,115,u32
0.11295666949872557,116,u32
0.11753640253884373,117,u32
0.025999055508047327,118,u32
0.05349278817017494,119,u32
0.03391695569205912,120,u32
0.1240812489316848,121,u32
0.11183016681606507,122,u32
0.046710310498766276,123,u32
0.0,124,u32
0.07196969696969698,125,u32
0.057672839873756925,126,u32
0.07698204440251201,127,u32
0.04752429564264498,128,u32
0.04285215804165772,129,u32
0.07029519777970901,130,u32
0.0308205576296767,131,u32
0.12453860696816013,132,u32
0.017080420312303765,133,u32
0.029183933262912704,134,u32
0.06704477270779165,135,u32
0.13167804189220994,136,u32
0.2481774193548387,137,u32
0.4644991350841327,138,u32
0.0264063078795576,139,u32
0.020822224956591882,140,u32
0.029860472247776756,141,u32
0.06628638867033831,142,u32
0.2289440945992741,143,u32
0.25587278641127575,144,u32
0.10725092149419596,145,u32
0.3054631642353927,146,u32
0.10718124278492099,147,u32
0.10329478638776524,148,u32
0.1335309327111055,149,u32
0.03521118201154664,150,u32
0.058871256085150855,151,u32
0.0,86,u36
0.04277662414713735,87,u36
0.040797340374591276,88,u36
0.0739984429441119,89,u36
0.034020153406527295,90,u36
0.040444246506708234,91,u36
0.08883148831488315,92,u36
0.07136203474950387,93,u36
0.019513708882479646,94,u36
0.1293342366200653,95,u36
0.05152987388877403,96,u36
0.022710287500953254,97,u36
0.1084144301232357,98,u36
0.03823806922580325,99,u36
0.02,100,u36
0.06224129667552612,101,u36
0.03598336746726246,102,u36
0.07106324382807121,103,u36
0.07476806481118516,104,u36
0.010585028839449832,105,u36
0.03903947368421053,106,u36
0.04853613217496108,107,u36
0.11113787165376139,108,u36
0.14734976068073036,109,u36
0.11088232175050373,110,u36
0.10048248374239564,111,u36
0.36682344653254045,112,u36
0.17267888823181549,113,u36
0.07796104476228202,114,u36
0.03248605432140398,115,u36
0.010803648779493451,116,u36
0.09464850558388742,117,u36
0.07331827126302748,118,u36
0.01717048548094374,119,u36
0.022736632819711708,120,u36
0.13649445684859904,121,u36
0.05096626151805242,122,u36
0.060932626721099475,123,u36
0.3897798314759445,124,u36
0.025950938711012454,125,u36
0.16219895989107871,126,u36
0.15076001582189072,127,u36
0.13129184945740013,128,u36
0.0559799556082084,129,u36
0.020971461516287114,130,u36
0.07362892637107363,131,u36
0.1378169471935274,132,u36
0.02139412316190444,133,u36
0.03701606476238413,134,u36
0.03337430047609388,135,u36
0.09215046912284647,136,u36
0.04762188048424998,137,u36
0.019513383611858646,138,u36
0.018726425560239627,139,u36
0.03559098507312238,140,u36
0.021221478457297993,141,u36
0.02217287084038353,142,u36
0.02095699133988518,143,u36
0.11052459636513695,144,u36
0.016501202441881975,145,u36
0.376404092437576,146,u36
0.05545037023151186,147,u36
0.005091253352969021,148,u36
0.029077104053042455,149,u36
0.09442718471633171,150,u36
0.1417162276975361,151,u36
0.06402800767574376,86,u04
0.07002676864244742,87,u04
0.15429622527053205,88,u04
0.10003341481859271,89,u04
0.10577368734688472,90,u04
0.11041300159168971,91,u04
0.08681872895430513,92,u04
0.07434353823814134,93,u04
0.09389837824505148,94,u04
0.0942587111529665,95,u04
0.12539714729939835,96,u04
0.04749602230658958,97,u04
0.058285313814047654,98,u04
0.09312231414346024,99,u04
0.12772817862177357,100,u04
0.09889936040861527,101,u04
0.07821733550911769,102,u04
0.14436796754451361,103,u04
0.06464234632646687,104,u04
0.06580609384146154,105,u04
0.05876068376068376,106,u04
0.10228141940204197,107,u04
0.13868231769971612,108,u04
0.05123005938217707,109,u04
0.08451554813773718,110,u04
0.061096264866077804,111,u04
0.05567363616891569,112,u04
0.08114730249153917,113,u04
0.11766008955837909,114,u04
0.09405876515511068,115,u04
0.07728017087931648,116,u04
0.05272249342846414,117,u04
0.09014316941472807,118,u04
0.06777266541377747,119,u04
0.06344274970127223,120,u04
0.0789048768986754,121,u04
0.07247028776247624,122,u04
0.01726555301846733,123,u04
0.09525125767040743,124,u04
0.24295181239109942,125,u04
0.07457495510943592,126,u04
0.07417286723758716,127,u04
0.04705084274060288,128,u04
0.10399785709502445,129,u04
0.04389818363086893,130,u04
0.1097012866901397,131,u04
0.08445183140993477,132,u04
0.060256204963971174,133,u04
0.07131785475370785,134,u04
0.06836280733974004,135,u04
0.0614512227067507,136,u04
0.12950842501044424,137,u04
0.05516267253147277,138,u04
0.24259586518193627,139,u04
0.05769020593608019,140,u04
0.03409762722697132,141,u04
0.041319023714730826,142,u04
0.021809233957132683,86,u58
0.020666846825978972,87,u58
0.009711094925952901,88,u58
0.036326768627243086,89,u58
0.00271692986924775,90,u58
0.03513489289235457,91,u58
0.03721165835411471,92,u58
0.034579963600038316,93,u58
0.11357336547152756,94,u58
0.0155503808659273,95,u58
0.03607424278122464,96,u58
0.03747652827039433,97,u58
0.011993525618913684,98,u58
0.07454872036586453,99,u58
0.11142630953951708,100,u58
0.09849671474195976,101,u58
0.029890406250413126,102,u58
0.03023218745018862,103,u58
0.014432553063252375,104,u58
0.05711303529688488,105,u58
0.039061597133941986,106,u58
0.06718588965859132,107,u58
0.05757264217304259,108,u58
0.05834541657243957,109,u58
0.03401593018059462,110,u58
0.0178865400193368,111,u58
0.02523116136554679,112,u58
0.07368839427662957,113,u58
0.04909446498419332,114,u58
0.051303953233857405,115,u58
0.01450316848500686,116,u58
0.0639899455831428,117,u58
0.0003627085574205168,118,u58
0.009313689014559616,119,u58
0.02617287772661017,120,u58
0.02159307105889866,121,u58
0.06593187438508788,122,u58
0.042422693585484283,123,u58
0.0003620803159973667,124,u58
0.1110712822613683,125,u58
0.042550477672478666,126,u58
0.025997422612629197,127,u58
0.07799254434258879,128,u58
0.06271822568622579,129,u58
0.01807036994558499,130,u58
0.0,131,u58
0.0789533303126416,132,u58
0.010764349118367674,133,u58
0.07069239256209467,134,u58
0.013996354319366723,135,u58
0.062176298651351214,136,u58
0.05367296991245266,137,u58
0.08491391126137299,138,u58
0.00011107956999864236,139,u58
0.04445120016918685,140,u58
0.041860342625390096,141,u58
0.015780445969125215,142,u58
0.0541749565966722,143,u58
0.003046155032582291,144,u58
0.03857825123878055,145,u58
0.026644580556518613,146,u58
0.04885697262378877,147,u58
0.03257536233728225,148,u58
0.019161965047474888,149,u58
0.11778051984237552,86,u59
0.06322534017151038,87,u59
0.13031262479319983,88,u59
0.08717460317460317,89,u59
0.06417854546255701,90,u59
0.12347022686596043,91,u59
0.12169713246123191,92,u59
0.1349109153399439,93,u59
0.07789593619445499,94,u59
0.01642855130047623,95,u59
0.06610458090739317,96,u59
0.0694896999277427,97,u59
0.11408221346279697,98,u59
0.07038360860495091,99,u59
0.10466544471948754,100,u59
0.05986976644064148,101,u59
0.13141321461534286,102,u59
0.1303205396360594,103,u59
0.09515255812784987,104,u59
0.07931220178086137,105,u59
0.11727908698039778,106,u59
0.08318373713988585,107,u59
0.05633254423124844,108,u59
0.11713104919344088,109,u59
0.1566598323364917,110,u59
0.08778966131907308,111,u59
0.05588643647735088,112,u59
0.07586111076025312,113,u59
0.07111868301670002,114,u59
0.11456221550701909,115,u59
0.10335085330312942,116,u59
0.09311210296608598,117,u59
0.1215241419429901,118,u59
0.06665066090459232,119,u59
0.05349739362346951,120,u59
0.1413076267296216,121,u59
0.08953251621428475,122,u59
0.08109612095876652,123,u59
0.08651653169086217,124,u59
0.039967593842830135,125,u59
0.033938049192521524,126,u59
0.07820536988662376,127,u59
0.05561097628158361,128,u59
0.08837654904693176,129,u59
0.09860605100586092,130,u59
0.2617777777777778,131,u59
0.029645970719737635,132,u59
0.10031557808166779,133,u59
0.06626465661641541,134,u59
0.058674131221410526,135,u59
0.052080792311069914,136,u59
0.17551915119913875,137,u59
0.16239192786249304,138,u59
0.12156792599879901,139,u59
0.10485258689916256,140,u59
0.05304796903805536,141,u59
0.04071410395489306,142,u59
0.060557543793558107,143,u59
0.04540919440251733,144,u59
0.09793717709753687,145,u59
0.07828701061919806,146,u59
0.09908876804892786,147,u59
0.07296264798390907,148,u59
0.0695021945021945,149,u59
0.0841887711806411,150,u59
0.09281630107079739,151,u59
0.02466822358024864,86,u15
0.01787753056166634,87,u15
0.03580591502438749,88,u15
0.01319203132124719,89,u15
0.028257176070821784,90,u15
0.015747297800969066,91,u15
0.0005808137846471556,92,u15
0.035119829797884985,93,u15
0.005359661495063469,94,u15
0.011150017454960911,95,u15
0.02292848396132138,96,u15
0.14233546352394388,97,u15
0.011681498986039185,98,u15
0.0254324267214055,99,u15
0.013110751767652747,100,u15
0.0011378474165267675,102,u15
0.016817593790426907,103,u15
0.004416023857999025,104,u15
0.025930220301465162,105,u15
0.022810936664254475,106,u15
0.010140451075237485,107,u15
0.033618863406097446,108,u15
0.015763984977268233,109,u15
0.058023587093354534,110,u15
0.07048246263134528,111,u15
0.018020699004728368,112,u15
0.014690960427052544,113,u15
0.04302090357383682,115,u15
0.0363481228668942,118,u15
0.03406718851924331,119,u15
0.02848639455782313,120,u15
0.021735656065206967,125,u15
0.06542814627767507,126,u15
0.062444179815421254,127,u15
0.0041107101670324765,128,u15
0.04137350871826247,130,u15
0.048350324773089,133,u15
0.008697639212213828,134,u15
0.013999750561237216,135,u15
0.0,136,u15
0.15739484396200815,145,u15
0.0,146,u15
0.012992679497745673,147,u15
0.012228064251603879,148,u15
0.020954598370197905,149,u15
0.027568150315724627,86,u33
0.04954081837261219,87,u33
0.04073540528590378,88,u33
0.03182085229058217,89,u33
0.04224439727651129,90,u33
0.05458368376787216,91,u33
0.020862346009641135,92,u33
0.020452503252283306,93,u33
0.030814123954595592,94,u33
0.03831597595018252,95,u33
0.014610519574093346,96,u33
0.01606101028066346,97,u33
0.03699576554490751,98,u33
0.015533745955452921,99,u33
0.02067314966370026,100,u33
0.0323583971435346,101,u33
0.02860753676470588,102,u33
0.005642311637980167,103,u33
0.0011065619121389842,104,u33
0.03633112218384128,105,u33
0.020291193567664477,106,u33
0.03408186905974794,107,u33
0.027107351192944624,108,u33
0.03649828456667875,109,u33
0.0013320156404417135,110,u33
0.022269575393429164,111,u33
0.04304013902903913,112,u33
0.016333043225993618,113,u33
0.049030323412364775,114,u33
0.014802494802494803,115,u33
0.06078406691002671,116,u33
0.05396624853352586,117,u33
0.024419094753157757,118,u33
0.01941446303291959,119,u33
0.08006547476258342,120,u33
0.022164590128870114,121,u33
0.015286536879627092,122,u33
0.033606361605574835,123,u33
0.03431595646463727,124,u33
0.050346006219706946,125,u33
0.05371837322044791,126,u33
0.028437246963562753,127,u33
0.04706547923206073,128,u33
0.01840458351696783,129,u33
0.09001800699894676,130,u33
0.06242024506864689,131,u33
0.13293441718099253,132,u33
0.03298250638409585,133,u33
0.004190575552077899,134,u33
0.00035145855299492895,135,u33
0.043843810982838176,136,u33
0.008953542937587987,137,u33
0.024514811031664963,138,u33
0.08316893365174956,142,u33
0.0,87,u13
0.01885069314349944,88,u13
0.00464939747604137,89,u13
0.00012818047811318336,90,u13
0.056516347973634404,91,u13
0.024552670523341855,92,u13
0.0072551702770390645,93,u13
0.04114156250402276,94,u13
0.06058969386001522,95,u13
0.013271881534587974,96,u13
0.0069416849804967845,97,u13
0.011048068460573376,99,u13
0.02052927912349385,100,u13
0.027023057717726538,101,u13
0.046921188436294406,102,u13
0.033042750540483994,103,u13
0.026332158407630105,104,u13
0.0182482649997539,105,u13
0.030942372881355932,106,u13
0.03307647755030092,107,u13
0.05433345671831209,108,u13
0.022141467632119313,109,u13
0.03748525013034769,110,u13
0.017931379255906963,111,u13
0.03189918163769309,112,u13
0.048475233562488985,113,u13
0.10952739712080796,114,u13
0.03886147763616785,115,u13
0.04766560743094598,116,u13
0.03297643394687947,117,u13
0.028494181555406044,118,u13
0.00409449237600202,119,u13
0.0016835826639087978,120,u13
0.025680704034020434,121,u13
0.0,122,u13
0.0,123,u13
0.030789913334029445,124,u13
0.02067269746827758,125,u13
0.10225485055060304,126,u13
0.06000563539025078,130,u13
0.007741322452629814,131,u13
0.13606332649632555,132,u13
0.08829369099234166,133,u13
0.04676447312351616,134,u13
0.04390468516173593,135,u13
0.07950290469852091,136,u13
0.03786315780152834,137,u13
0.011973537085352218,138,u13
0.021560356214580936,139,u13
0.04347878020521029,140,u13
0.027012930302515708,141,u13
0.033830440610101625,142,u13
0.005019346646381638,143,u13
0.09855766279997545,144,u13
0.03278475851588272,145,u13
0.10429208472686734,146,u13
0.02022380539890749,147,u13
0.025084293601096742,148,u13
0.02046671098205227,149,u13
0.008379479065951774,86,u31
0.04384749183789264,87,u31
0.04334752102732463,88,u31
0.02204710722252803,89,u31
0.014843313833531567,90,u31
0.04044943820224719,91,u31
0.029338894165255813,92,u31
0.04760530871321408,93,u31
0.023477715003138732,94,u31
0.07832849986817822,95,u31
0.03344691438152415,96,u31
0.05834178093154778,97,u31
0.04596692287437463,98,u31
0.057871464723713115,99,u31
0.0450753394768591,100,u31
0.053578986350650726,101,u31
0.019020338012030936,102,u31
0.1884871748320668,103,u31
0.051923076923076926,104,u31
0.03617270971369893,105,u31
0.05643019846213866,106,u31
0.04168808597096766,107,u31
0.04840461916066471,108,u31
0.035932656787397564,109,u31
0.014169655273366026,110,u31
0.03208206862104737,111,u31
0.08560811964128623,112,u31
0.022147697897016698,113,u31
0.01741912548880199,114,u31
0.03658256001227088,115,u31
0.011700039992187572,116,u31
0.03097129884871088,117,u31
0.028987504593899302,118,u31
0.060776310042023766,119,u31
0.053851034132724275,120,u31
0.020971005392259465,121,u31
0.06095754290876242,122,u31
0.02718669897117174,123,u31
0.00011015520868904286,124,u31
0.01050296603760902,125,u31
0.10373834568491513,126,u31
0.06291084723893219,127,u31
0.2358695652173913,128,u31
0.04926031071229867,129,u31
0.09993952062134603,130,u31
0.04869429066711402,131,u31
0.05531011336004658,132,u31
0.11497882826108508,133,u31
0.040848754491896254,134,u31
0.02323430142922622,135,u31
0.053314626446860754,136,u31
0.03841933411840274,137,u31
0.027864284543517456,138,u31
0.044626154706574356,139,u31
0.07582345698014469,140,u31
0.08479485350837615,141,u31
0.02208275479033602,142,u31
0.10884673178061607,143,u31
0.05263157894736842,144,u31
0.08322495736346575,145,u31
0.1779742765273312,146,u31
0.07668951158150429,147,u31
0.14044301796873102,148,u31
0.046887862844053114,149,u31
