night indoor mobility,day,uid
0,92,u44
0.12923852,93,u44
0.100092678,95,u44
0.017534523,96,u44
0.084860445,98,u44
0.08028083,100,u44
0.050767414,101,u44
0.130946987,102,u44
0.14028436,106,u44
0.130881558,107,u44
0.182247899,108,u44
0.208762887,109,u44
0.096661888,110,u44
0.638888889,111,u44
0.152276592,112,u44
0.01951431,114,u44
0.022757697,115,u44
0.549094376,116,u44
0,117,u44
0.062125749,119,u44
0.008057051,120,u44
0.123624935,121,u44
0.057905687,122,u44
0.095218801,123,u44
0,126,u44
0.00373072,127,u44
0.578512397,128,u44
0.065268065,130,u44
0.145316984,135,u44
0.000325415,136,u44
0.056376319,139,u44
0,145,u44
0.004776133,147,u44
0.008105198,148,u44
0.019220973,151,u44
0.017612712,87,u20
0,88,u20
0.006561388,89,u20
0.002898181,91,u20
0,92,u20
0.030868927,93,u20
0.007697799,94,u20
0,95,u20
0,96,u20
0,97,u20
0,98,u20
0,99,u20
0,100,u20
0,101,u20
0.011096167,102,u20
0,103,u20
0.002904626,104,u20
0,105,u20
0,110,u20
0,111,u20
0.000887038,112,u20
0,113,u20
0,114,u20
0,115,u20
0,116,u20
0.008770697,117,u20
0.014966945,118,u20
9.55E-05,119,u20
0.00709386,120,u20
0.013195658,121,u20
0,125,u20
0,126,u20
0,127,u20
0,128,u20
0.008099017,131,u20
0,132,u20
0,133,u20
0,134,u20
0.001119764,135,u20
0,136,u20
0,137,u20
0.017441653,138,u20
0.002546118,140,u20
0,141,u20
0,86,u19
0.027419267,87,u19
0.020913727,88,u19
0.00123275,91,u19
0.007146638,92,u19
0.025867316,93,u19
0.007350768,94,u19
0.001957084,95,u19
0.05806903,96,u19
0.012197253,97,u19
0.007903038,98,u19
0.003225696,99,u19
0.00826187,100,u19
0.006100457,101,u19
0.004984787,102,u19
0,103,u19
0.000181317,104,u19
0.004148148,105,u19
0.007241894,106,u19
0.009272727,107,u19
0.011377954,108,u19
0.008788176,109,u19
0,110,u19
0.007891809,111,u19
0.015364201,112,u19
0.003589279,113,u19
0,114,u19
0.015631401,115,u19
0.002913351,116,u19
0.003495602,117,u19
0,118,u19
0.009993534,119,u19
0.015738228,120,u19
0,121,u19
0.004441335,122,u19
0.001887769,123,u19
0,124,u19
0,125,u19
0.023052487,126,u19
0,127,u19
0.010989653,128,u19
0.011394003,129,u19
0.004672078,130,u19
0.004857227,131,u19
0,132,u19
0,133,u19
0.0144324,134,u19
0.005109023,135,u19
0.015635179,136,u19
0.001798338,137,u19
0.00023243,138,u19
0.009140169,139,u19
0,140,u19
0.035177878,141,u19
0,142,u19
0.002568546,143,u19
0.009383709,144,u19
0.006840617,145,u19
0.001500375,146,u19
0.000581734,147,u19
0.018803957,148,u19
0.045742894,149,u19
0.007736481,150,u19
0,151,u19
0.006858862,86,u18
0.012977307,87,u18
0.008644101,88,u18
0.007265095,89,u18
0.027089472,90,u18
0.013054204,91,u18
0,92,u18
0.023616985,93,u18
0,94,u18
0.006369427,95,u18
0.013055927,96,u18
0.023990832,98,u18
0,99,u18
0.005285412,100,u18
0.022294023,101,u18
0.017844503,102,u18
0,103,u18
0.000230574,104,u18
0.001998642,105,u18
0.003189479,106,u18
0.020495621,107,u18
0.011953243,108,u18
0,109,u18
0.021743712,110,u18
0.016624594,111,u18
0,112,u18
0.007547965,113,u18
0,114,u18
0.026096033,115,u18
0.009468742,116,u18
0.001989299,119,u18
0.031284878,120,u18
0,121,u18
0,122,u18
0.013302664,123,u18
0,124,u18
0,125,u18
0.004255319,126,u18
0.000357667,127,u18
0.012944371,128,u18
0.006554543,135,u18
0.006183568,136,u18
0,137,u18
0,138,u18
0,139,u18
0,141,u18
0,142,u18
0,143,u18
0,144,u18
0,145,u18
0.020275773,146,u18
0,147,u18
0,149,u18
0.010783894,86,u14
0.05054117,87,u14
0.007825423,88,u14
0.047052154,89,u14
0.200453965,90,u14
0.010826675,91,u14
0.00538144,92,u14
0.040081641,93,u14
0.020375516,94,u14
0.00821563,95,u14
0.109539525,96,u14
0.091294897,97,u14
0.021347338,98,u14
0.000548714,99,u14
0.026399606,100,u14
0.05994695,101,u14
0.015686917,102,u14
0.033908204,104,u14
0.006788512,105,u14
0.103872578,106,u14
0.013361643,107,u14
0.033352965,108,u14
0.022623326,109,u14
0.100615299,110,u14
0.014510394,111,u14
0.008940786,112,u14
0.117730268,113,u14
0.006941919,114,u14
0.013334245,115,u14
0.004505251,116,u14
0.271239654,117,u14
0.036834161,118,u14
0.036621178,119,u14
0,120,u14
0.024910066,121,u14
0,122,u14
0.012097695,123,u14
0.184195146,124,u14
0.003811598,125,u14
0.096819906,126,u14
0.014389457,127,u14
0.003779624,128,u14
0.01543516,129,u14
0.092789099,132,u14
0.00670609,133,u14
0.113609428,134,u14
0.015834106,135,u14
0,137,u14
0.010854176,140,u14
0,141,u14
0.005938634,142,u14
0.002675978,144,u14
0,146,u14
0.014654676,148,u14
0.020895323,149,u14
0.005282406,150,u14
0.026526682,87,u54
0.005396442,88,u54
0.116592927,89,u54
0.182623187,90,u54
0.479805825,91,u54
0.036349977,92,u54
0.014963837,93,u54
0.020453146,94,u54
0.082916272,95,u54
0.021255061,97,u54
0.043525345,98,u54
0,102,u54
0.00693544,103,u54
0,104,u54
0.016658452,105,u54
0.003883381,106,u54
0.025089368,107,u54
0.000951844,108,u54
0.016787431,109,u54
0,110,u54
0,111,u54
0.010523733,112,u54
0.030619407,113,u54
0.026845638,114,u54
0.030193751,115,u54
0.020077117,116,u54
0.046269546,117,u54
0.05358186,118,u54
0,119,u54
0.015493117,120,u54
0.021964729,121,u54
0.048361417,122,u54
0,123,u54
0,125,u54
0.037202918,126,u54
0.018459459,127,u54
0.015075675,128,u54
0.051275992,129,u54
0.011732688,149,u54
0.012600978,150,u54
0.014423077,86,u57
0.029733028,87,u57
0.014219694,88,u57
0.065036884,89,u57
0.020517816,90,u57
0.011619377,91,u57
0.000702144,92,u57
0.030851621,93,u57
0,94,u57
0.028324029,95,u57
0.112156581,96,u57
0.552322163,97,u57
0.066345891,98,u57
0,99,u57
0.006232544,100,u57
0,101,u57
0.007854805,102,u57
0.014641545,103,u57
0.006037305,104,u57
0,105,u57
0.000601754,106,u57
0.00042807,107,u57
0.008192291,108,u57
0.006895289,109,u57
0.078209116,110,u57
0.01393881,111,u57
0.018244704,112,u57
0.014748031,113,u57
0.008695909,114,u57
0.019177016,115,u57
0.006473471,116,u57
0.058743675,117,u57
0.079183005,118,u57
0.016222621,119,u57
0.017851366,120,u57
0.020246684,121,u57
0.001203611,122,u57
0.014832781,123,u57
0.03274072,124,u57
0.011970641,125,u57
0.01064763,126,u57
0.006287765,127,u57
0.007364828,128,u57
0.010386678,129,u57
0.000427643,130,u57
0.145165239,131,u57
0.039422361,132,u57
0.008630372,133,u57
0.007825093,134,u57
0.009162614,135,u57
0.015704547,136,u57
0.002825963,137,u57
0.122265793,138,u57
0.071920062,139,u57
0.014708609,140,u57
0.024892193,141,u57
0.020041228,142,u57
0.00039032,143,u57
0.045945946,144,u57
0.04930211,145,u57
0.009088571,146,u57
0.079326187,147,u57
0.05326656,148,u57
0.234855327,149,u57
0.034375719,150,u57
0.062594532,151,u57
0.056317521,91,u46
0.071912603,92,u46
0.00100025,93,u46
0.023664793,94,u46
0.022720498,95,u46
0,96,u46
0,97,u46
0.017973856,98,u46
0.012305168,99,u46
0,100,u46
0.165800708,101,u46
0.022401434,102,u46
0.015024095,103,u46
0.062120079,104,u46
0.010526316,105,u46
0.010010377,106,u46
0.024189302,107,u46
0.041806567,108,u46
0.055607759,109,u46
0.185088024,110,u46
0.004029846,111,u46
0.012366983,112,u46
0.037470873,113,u46
0.155707499,114,u46
0.093883247,115,u46
0.018064697,116,u46
0.00963363,117,u46
0.041390326,118,u46
0.008495752,119,u46
0.003605607,120,u46
0.033960707,121,u46
0.106129858,122,u46
0.042215088,123,u46
0.027772986,124,u46
0.114505213,125,u46
0.007953077,126,u46
0.00016787,127,u46
0.01785179,128,u46
0.078914021,129,u46
0.071873251,130,u46
0.081721883,131,u46
0.054696979,132,u46
0.002871859,133,u46
0.007148435,134,u46
0.003034077,135,u46
0.00023139,136,u46
0.065839809,137,u46
0.138634622,138,u46
0,139,u46
0.049270399,140,u46
0.191575462,141,u46
0.00027038,142,u46
0.01128354,143,u46
0.019962758,86,u10
0.01283262,87,u10
0.017237336,88,u10
0.000565743,89,u10
0.005745457,90,u10
0.010992462,91,u10
0.005148564,92,u10
0.018029779,93,u10
0.008871813,94,u10
0.019724537,95,u10
0.006451403,96,u10
0,97,u10
0.020907224,98,u10
0.020348041,99,u10
0.012006171,100,u10
0.022380848,101,u10
0.010591506,102,u10
0.00985083,103,u10
0.008673082,104,u10
0.007829505,105,u10
0.022626113,106,u10
0.012028813,107,u10
0.020024437,108,u10
0.015348693,109,u10
0.002930069,110,u10
0.003991949,111,u10
0.028504011,112,u10
0.029421243,113,u10
0.000469351,114,u10
0.007480793,115,u10
0.018157103,116,u10
0.025599747,117,u10
0.007654097,118,u10
0.019122189,119,u10
0.01522693,120,u10
0.028615211,121,u10
0.021838095,122,u10
0.026953099,123,u10
0.019432773,124,u10
0.006194777,125,u10
0.025879881,126,u10
0.011608094,127,u10
0.010255853,128,u10
0.026604842,129,u10
0.030729737,130,u10
0.016973215,131,u10
0.008327685,132,u10
0.018986077,133,u10
0.020417138,134,u10
0.004639192,135,u10
0.015423423,136,u10
0.00981241,137,u10
0.018918349,138,u10
0.00697928,139,u10
0,140,u10
0.017458815,141,u10
0,142,u10
0.036170286,143,u10
0.004003542,144,u10
0.016580274,145,u10
0.015322549,146,u10
0.002193517,147,u10
0.021762384,148,u10
0.03928533,149,u10
0,150,u10
0.015292842,151,u10
0.07666887,87,u25
0,88,u25
0,89,u25
0.034817725,91,u25
0.021801065,92,u25
0.068846816,93,u25
0.084269663,94,u25
0.076697736,95,u25
0.132974057,96,u25
0.014915147,99,u25
0.104011887,100,u25
0.018118467,103,u25
0.042242134,105,u25
0.14262648,106,u25
0,108,u25
0,109,u25
0.002019759,110,u25
0.008403075,111,u25
0.023410361,112,u25
0.153345536,113,u25
0.002264448,114,u25
0.142959513,116,u25
0,117,u25
0,118,u25
,119,u25
1.025125628,120,u25
0.004208754,126,u25
0.0014147,135,u25
0.081258412,145,u25
0.032731433,149,u25
0,87,u24
0.006155779,88,u24
0,89,u24
0.162758008,90,u24
0.008719002,91,u24
0,92,u24
0,93,u24
0.07823107,94,u24
0,95,u24
0.019596794,96,u24
0.012271663,97,u24
0.005051344,98,u24
0,99,u24
0,100,u24
0,101,u24
0.05630903,102,u24
0.044181547,103,u24
0.001323043,104,u24
0.009391459,105,u24
0.01189768,106,u24
0.00483152,107,u24
0.064624603,108,u24
0,109,u24
0.085922244,110,u24
0.031167317,111,u24
0.012619339,112,u24
0.021214227,113,u24
0.019805149,114,u24
0.304505866,115,u24
0.000348797,116,u24
0.012765957,88,u56
0.006335797,95,u56
0.003566525,97,u56
0.080819799,98,u56
0,99,u56
0.013092252,102,u56
0.001837994,105,u56
0.039084275,109,u56
0,111,u56
1,119,u56
0.033136356,120,u56
0.020449898,123,u56
0.029050279,137,u56
0.009776177,144,u56
0.008069757,147,u56
1,148,u56
0.38305709,150,u56
0.135271808,151,u56
0,94,u39
0,95,u39
0,96,u39
0.018276762,100,u39
0,101,u39
0,105,u39
0.241753472,106,u39
0,86,u53
0,87,u53
0.005288287,88,u53
0.050835258,89,u53
0.002999354,90,u53
0.002848921,91,u53
0.007755222,92,u53
0,93,u53
0,94,u53
0.024710189,95,u53
0,96,u53
0.014983369,97,u53
0.009932483,98,u53
0,99,u53
0.006436993,100,u53
0,101,u53
0.008803712,102,u53
0.000620934,103,u53
0,104,u53
0.000409901,105,u53
0.02062016,106,u53
0,108,u53
0,109,u53
0.000223333,110,u53
0,112,u53
0.000157055,113,u53
6.36E-05,114,u53
0.006640807,115,u53
0.007721127,116,u53
0,117,u53
0,118,u53
0,119,u53
0.016821125,120,u53
0.000652032,121,u53
0,122,u53
0,123,u53
0.010165908,124,u53
0,125,u53
0,126,u53
0,127,u53
0,128,u53
9.82E-05,129,u53
0,130,u53
0,131,u53
0,132,u53
0.004886481,133,u53
0,134,u53
0.015313733,135,u53
6.01E-05,136,u53
0,137,u53
0,139,u53
0,140,u53
0,141,u53
0,142,u53
0,143,u53
0.000394789,145,u53
0,146,u53
0,147,u53
0,148,u53
0.001578981,149,u53
0.121686948,86,u01
0,87,u01
0.035488679,88,u01
0,89,u01
0,90,u01
0.027366501,91,u01
0,92,u01
0.083598279,93,u01
0.001488538,94,u01
0.002121855,95,u01
0,96,u01
0,97,u01
0.10085934,98,u01
0,99,u01
0.08941794,100,u01
0.007874016,101,u01
0.006487026,102,u01
0,103,u01
0,104,u01
0,105,u01
0,106,u01
0.033573976,107,u01
0.004647999,108,u01
0.002803011,109,u01
0.009402086,110,u01
0.027235449,111,u01
0.04388615,112,u01
0,113,u01
0,114,u01
0.00054603,115,u01
0.004792921,116,u01
0.002464097,117,u01
0,118,u01
0,119,u01
0,120,u01
0,121,u01
0.033062364,122,u01
0.104273504,123,u01
0.063326134,124,u01
0,128,u01
0,129,u01
0,130,u01
0.053612812,131,u01
0,133,u01
0,134,u01
0.005704256,135,u01
0.000656873,136,u01
0.006492941,137,u01
0,138,u01
0,139,u01
0,140,u01
0,141,u01
0.001120527,142,u01
0.015550023,143,u01
0,144,u01
0,145,u01
0,146,u01
0,147,u01
0.001246757,148,u01
0.047637952,149,u01
0.001842453,87,u23
0.023600713,88,u23
0,89,u23
0,90,u23
0.014861996,91,u23
7.11E-05,92,u23
0,93,u23
0.04922228,94,u23
0.038242272,95,u23
0,96,u23
0.046931924,97,u23
0.028775422,98,u23
0.029200415,99,u23
0.027681207,100,u23
0.030561269,101,u23
0.026036409,102,u23
0.026226213,103,u23
0.00029504,104,u23
0.039479931,105,u23
0,106,u23
0.03121853,107,u23
0,108,u23
0.007936201,109,u23
0.011643681,110,u23
0.026725596,111,u23
0.029621031,112,u23
0.01077903,113,u23
0.000109437,114,u23
0.022685789,115,u23
0.049600659,116,u23
0.007729767,117,u23
0.01334881,118,u23
0.077091405,119,u23
0,120,u23
0.026033541,121,u23
0.036833244,122,u23
0.03341173,123,u23
0.022789486,124,u23
0,125,u23
0.042050031,126,u23
0,127,u23
0.025863241,128,u23
0.00010798,129,u23
0.021623465,130,u23
0.00972529,131,u23
0.000442057,132,u23
0,133,u23
0,134,u23
0.023890651,135,u23
0,136,u23
0,137,u23
0.000105337,138,u23
0,139,u23
0,140,u23
0,141,u23
0,142,u23
0.028651247,143,u23
0,88,u50
0,89,u50
0.029359365,90,u50
0.018329795,91,u50
0,92,u50
0.008670695,93,u50
0.010364501,94,u50
0.006726242,95,u50
0,96,u50
0.008963729,97,u50
0.008834262,98,u50
0.013879599,99,u50
0.013801089,100,u50
0,101,u50
0.012633801,102,u50
0.022683662,103,u50
0,104,u50
0.007813688,105,u50
0,106,u50
0.027742871,107,u50
0.015669823,108,u50
0.014696666,109,u50
0.01544296,110,u50
0,111,u50
0,112,u50
0.006710556,113,u50
0.015120027,114,u50
0,115,u50
0.012887082,118,u50
0,119,u50
0,130,u50
0,132,u50
0,133,u50
0,134,u50
0,135,u50
0.007533146,88,u27
0.000168959,89,u27
0,90,u27
0,91,u27
0.00022168,92,u27
0.06739473,93,u27
0,94,u27
0.006374858,95,u27
0,96,u27
0,97,u27
0.00276398,98,u27
0.002029084,100,u27
0.012839488,101,u27
0,102,u27
0.023971205,104,u27
0.000243605,105,u27
0.000359324,106,u27
0.017526121,107,u27
0.012015292,108,u27
0.008531216,109,u27
0,110,u27
0.009204929,111,u27
0.023626439,112,u27
0.000185014,113,u27
0.029713262,114,u27
0.039882452,115,u27
0.013041767,116,u27
0.000238598,117,u27
0.004631173,118,u27
0.017542655,119,u27
0,120,u27
0.019193256,121,u27
0.012735629,122,u27
0.014739274,123,u27
0,124,u27
0,125,u27
0.009325231,126,u27
0,127,u27
0.001871541,128,u27
0.001299498,129,u27
0.000663228,130,u27
0,131,u27
7.13E-05,132,u27
0.001428258,133,u27
0,134,u27
0.015144799,135,u27
0,136,u27
0.007859802,137,u27
0,138,u27
0.00016809,139,u27
0.000935757,140,u27
0.018771521,141,u27
0.013410756,142,u27
0,143,u27
0.000274395,144,u27
0.006004349,145,u27
0.006832637,146,u27
0.008949405,147,u27
0.01827429,148,u27
0.032823597,149,u27
0,150,u27
0.000302682,151,u27
0.004297184,86,u03
0,87,u03
0.00791025,88,u03
0,89,u03
0.000182349,91,u03
0,92,u03
0.003892673,93,u03
0,94,u03
0.005369774,95,u03
0.059716561,96,u03
0,97,u03
0.002160482,98,u03
0,99,u03
0.007252451,100,u03
0,101,u03
0,102,u03
0,103,u03
0,104,u03
0,105,u03
0,106,u03
0.004762818,107,u03
0,108,u03
0,109,u03
0,111,u03
0,112,u03
0,113,u03
0,114,u03
0,115,u03
0,116,u03
0,117,u03
0,118,u03
0,119,u03
0.007804228,120,u03
0,121,u03
0,122,u03
0,123,u03
0,124,u03
0,125,u03
0.000113434,126,u03
0,127,u03
0,128,u03
0,129,u03
0,130,u03
0,131,u03
0,132,u03
0,133,u03
0,134,u03
0.008368685,135,u03
0,136,u03
0.116300794,141,u03
0,86,u35
0.005059316,88,u35
0,89,u35
0,90,u35
0.011725355,91,u35
0.030799643,92,u35
0.001860771,93,u35
0,94,u35
0.003428971,95,u35
0,96,u35
0.015143775,98,u35
0.020931412,99,u35
0,100,u35
0.028786537,101,u35
0,102,u35
0,103,u35
0,104,u35
0,105,u35
0,106,u35
0.020669638,107,u35
0.029741846,108,u35
0,109,u35
0,110,u35
0.001736481,111,u35
0,112,u35
0.00560305,113,u35
0,114,u35
0,115,u35
0,116,u35
0,117,u35
0.008559201,118,u35
0.030986753,119,u35
0,120,u35
0,121,u35
0.035991415,122,u35
0,123,u35
0,124,u35
0.006625797,125,u35
0,126,u35
0,127,u35
0,128,u35
0,129,u35
0,130,u35
0.013579863,131,u35
0.02162961,132,u35
0,133,u35
0.008376853,134,u35
0.00046961,135,u35
0,136,u35
0,137,u35
0,138,u35
0,139,u35
0,140,u35
0,141,u35
0,142,u35
0,143,u35
0,144,u35
0,145,u35
0,146,u35
0.025747916,147,u35
0,148,u35
0.022189144,149,u35
0.008324001,150,u35
0,151,u35
0,86,u34
0,87,u34
0.016795372,88,u34
0.492260062,91,u34
0.001268788,92,u34
0.288209607,93,u34
0.005701705,95,u34
0,96,u34
0.011636191,99,u34
0,101,u34
0,102,u34
0.000136626,106,u34
0.005506889,108,u34
0.000614279,112,u34
0,118,u34
0.010555066,119,u34
0,120,u34
0.021592117,131,u34
0.035928144,132,u34
0,133,u34
0.244680851,134,u34
1.017605634,135,u34
0.001358614,87,u30
0.005931242,88,u30
0.170082289,89,u30
0.035382251,91,u30
0.122245389,92,u30
0.003644841,93,u30
0.037609628,94,u30
0.006725583,95,u30
0.544852838,96,u30
0.014466417,98,u30
0,99,u30
0.031751113,100,u30
0.043522983,101,u30
0.030898749,102,u30
0.326405783,103,u30
0.024366344,105,u30
0.026690604,106,u30
0.00925248,107,u30
0.001990561,108,u30
0.016157035,109,u30
0.061147319,110,u30
0.009235132,112,u30
0.014435941,113,u30
0.012367077,114,u30
0.016664462,115,u30
0.087153881,116,u30
0.038615624,117,u30
0.038100783,119,u30
0.005106005,120,u30
0.004486863,121,u30
0,122,u30
0.004600793,123,u30
0.051586995,124,u30
0,125,u30
0.003145313,126,u30
0.036055526,127,u30
0.016765036,128,u30
0.099133376,129,u30
0.004281346,130,u30
0.225339367,131,u30
0.007128713,133,u30
0.007139287,134,u30
0,135,u30
0,136,u30
0.000176697,140,u30
0.010594992,141,u30
0.013765334,142,u30
0,143,u30
0.003620967,144,u30
0.000683772,145,u30
0.010529491,146,u30
0,147,u30
0.027043723,148,u30
0.075443134,149,u30
0,150,u30
0.000405943,151,u30
0.018179309,86,u08
0.01577713,87,u08
0.013817297,88,u08
0,89,u08
0,90,u08
0.02778078,91,u08
0,92,u08
0.005637069,93,u08
0,94,u08
0.024101638,95,u08
0.006595585,96,u08
0.000117689,97,u08
0.014568352,98,u08
0.015691292,99,u08
0.029511466,100,u08
9.30E-05,101,u08
0.009867973,102,u08
0,103,u08
0.005668413,104,u08
0.000253807,105,u08
0,106,u08
0.016973173,107,u08
0.0177254,108,u08
0.000874126,109,u08
0.000280781,110,u08
0.010586752,111,u08
0.008662696,112,u08
0,113,u08
0.000715429,114,u08
0.041781689,115,u08
0.011364678,116,u08
0.018334188,117,u08
0.000597669,118,u08
0.018795586,119,u08
0.075284844,120,u08
0.030503657,121,u08
0.007737202,122,u08
0.01155753,123,u08
0.019430179,124,u08
0.025275031,125,u08
0.000484668,126,u08
0.019517475,127,u08
0.002785424,128,u08
0.01796609,129,u08
0.009910869,130,u08
0.019605297,131,u08
0.032747266,132,u08
0,133,u08
0.028839851,134,u08
0.030134591,135,u08
0,136,u08
0.015368471,137,u08
0.01616509,138,u08
0.020493886,139,u08
0.008140299,140,u08
0.030360368,141,u08
0,142,u08
0,143,u08
0.007421636,144,u08
0,145,u08
0.119525338,146,u08
0.016630004,147,u08
0.006450312,148,u08
0.002230604,149,u08
0.100775194,86,u00
0.063887223,87,u00
0.09073188,88,u00
0.001773926,90,u00
0.220081653,91,u00
0.055963303,92,u00
0.215476887,93,u00
0.101053231,94,u00
0.067679774,95,u00
0.000505192,97,u00
0.125671945,98,u00
0.007301285,99,u00
0.039510075,100,u00
0.211327719,101,u00
0.050065876,102,u00
0.22419418,105,u00
0.131026817,106,u00
0.021218644,107,u00
0.055324292,108,u00
0.190675341,109,u00
0,111,u00
0.109386828,112,u00
0.016681019,113,u00
0.053473132,115,u00
0.029529511,116,u00
0.06409866,119,u00
0.104271632,120,u00
0.057370821,121,u00
0.102730087,130,u00
0.291011788,131,u00
0.32722037,133,u00
0.044682018,134,u00
0.095668601,135,u00
0.347120843,136,u00
0.066884998,137,u00
0.003584229,143,u00
0.054541199,145,u00
0.225978648,147,u00
0.131881847,148,u00
0.157779601,149,u00
1.4322685,151,u00
0,86,u51
0,87,u51
0.025847347,88,u51
0.020267208,89,u51
0.010966381,90,u51
0.104216293,91,u51
0.007077401,93,u51
0.000313873,94,u51
0.991150442,99,u51
0.000591564,101,u51
0.027807657,106,u51
0.030574255,107,u51
0.043786804,108,u51
0.068273092,109,u51
0.001915787,110,u51
5.21E-05,116,u51
0.019446293,120,u51
0.337121212,123,u51
0.333200399,124,u51
0.000869565,125,u51
0.043413758,126,u51
0,127,u51
0.048745706,128,u51
0,129,u51
0.025041736,130,u51
0.207502896,132,u51
0.013641163,133,u51
0.055467512,135,u51
0.28456943,137,u51
0.312482148,141,u51
0.021462662,142,u51
0.006521798,144,u51
0.226805705,146,u51
0.376175549,147,u51
0,148,u51
0.320348032,149,u51
0.513376228,151,u51
0.126615902,86,u12
0.032725766,87,u12
0.097060689,88,u12
0.031026993,89,u12
0.02435273,90,u12
0.278637771,91,u12
0.242536654,92,u12
0.046288359,93,u12
0.18868958,94,u12
0.121838371,95,u12
0.024515576,96,u12
0.442771804,97,u12
0.0633114,98,u12
0.016334865,99,u12
0.316544951,100,u12
0.075448779,102,u12
0.000632873,103,u12
0,104,u12
0.042229282,105,u12
0.001749623,106,u12
0.03187847,107,u12
0.285457163,108,u12
0.000890498,109,u12
0.00509012,111,u12
0.210526316,112,u12
0.003826531,113,u12
0.0008344,114,u12
0.18802914,115,u12
0.088027131,116,u12
0.037549749,118,u12
0.011996061,119,u12
0.366303121,121,u12
0.045472677,122,u12
0.348765432,123,u12
0.006083059,124,u12
0.044399121,125,u12
0.081166898,126,u12
0.002392344,127,u12
0.112834979,128,u12
0,129,u12
0.026872499,130,u12
0.108174554,131,u12
0.000677683,132,u12
0.033783784,133,u12
0.169227988,134,u12
0.013353116,135,u12
0.098082433,136,u12
0.173076923,137,u12
0.024003702,139,u12
0.115890377,140,u12
0.0008,141,u12
0.067508883,142,u12
0.02401273,144,u12
0.015488215,145,u12
0.228153892,146,u12
0.036655052,147,u12
0.166666667,148,u12
0.081959585,149,u12
0.064826701,151,u12
0.018488975,86,u07
0,87,u07
0.011651498,88,u07
0,89,u07
0.036146124,90,u07
0.007468037,91,u07
0.004515224,92,u07
0.013513122,93,u07
0.0437298,94,u07
0.019937308,95,u07
0,99,u07
0.001355131,100,u07
0,101,u07
0.015241647,102,u07
0,103,u07
0.056486613,104,u07
0,105,u07
0.033687773,106,u07
0.003551897,107,u07
0,108,u07
0.004271642,109,u07
0,110,u07
0,111,u07
0,112,u07
0.023202625,113,u07
0,114,u07
0.000666647,115,u07
0,116,u07
0,117,u07
0.013051136,118,u07
0.021611743,119,u07
0.026018001,120,u07
0.000172364,121,u07
0,122,u07
0,123,u07
0,124,u07
0.024492602,125,u07
0,126,u07
0.001612553,127,u07
0.036392206,128,u07
0,130,u07
0,131,u07
0.051112196,132,u07
0.001699442,133,u07
0.00218845,134,u07
0.012319982,88,u52
0.015146814,89,u52
0.009105845,91,u52
0.011612121,92,u52
1.73667926,93,u52
1.828309994,94,u52
0.006216293,95,u52
0,97,u52
0,98,u52
0.011273322,99,u52
0,100,u52
0.020874326,101,u52
0.001082912,102,u52
0.000773994,103,u52
0,104,u52
0.000145391,105,u52
0,106,u52
0.013079923,107,u52
0,108,u52
0,109,u52
0,110,u52
0,111,u52
0,112,u52
0.008664628,113,u52
0,114,u52
0,115,u52
0,116,u52
0.00764862,117,u52
0,118,u52
0,119,u52
0.009116906,120,u52
0.044518272,121,u52
0.006708139,122,u52
0,123,u52
0.008296507,124,u52
0,125,u52
0,126,u52
0.013028656,127,u52
0,128,u52
0.012627542,129,u52
0,130,u52
0.015382336,131,u52
0,132,u52
0.009288381,133,u52
0.004695512,134,u52
0,135,u52
0.021231979,136,u52
0,137,u52
0.010542698,138,u52
0,139,u52
0.008384952,140,u52
0,141,u52
0,142,u52
2,143,u52
2,144,u52
2,145,u52
2,146,u52
0,148,u52
0.036033285,149,u52
0,150,u52
0.007485437,151,u52
0.007840063,86,u22
0,87,u22
0.00597593,88,u22
0,89,u22
0.005237519,90,u22
0.026257329,91,u22
0,92,u22
0.01691475,93,u22
0,94,u22
0,95,u22
0.010256711,96,u22
0.047279733,97,u22
0.00864933,98,u22
0.005672117,99,u22
0.010884052,100,u22
0.003655202,101,u22
0.005940104,102,u22
0.012716555,103,u22
0.025432379,104,u22
0,105,u22
0,106,u22
0,107,u22
0,108,u22
0.009973311,109,u22
0.021823148,110,u22
0,111,u22
0,112,u22
0,113,u22
0,114,u22
7.47E-05,115,u22
0,124,u22
0.004858643,126,u22
0,127,u22
0.006330749,128,u22
0.010822511,129,u22
0.00023724,130,u22
0.051110167,131,u22
0.002297907,132,u22
0,133,u22
0.008970219,134,u22
0.012266719,135,u22
6.24E-05,136,u22
0,137,u22
0.013364466,138,u22
0,140,u22
0,141,u22
0.001873829,142,u22
0,143,u22
0.000187348,144,u22
0.00995768,145,u22
0.007783447,147,u22
0.005635882,148,u22
0,149,u22
0.009517163,150,u22
0.000240587,151,u22
0.045350292,92,u43
0.073876618,93,u43
0.046184377,94,u43
1,95,u43
0.200638638,98,u43
0.157600865,99,u43
0.03989844,100,u43
0.118648612,101,u43
0.118731802,102,u43
0,103,u43
0,104,u43
0.072043663,105,u43
0.002104922,106,u43
1.196428571,107,u43
0.130963517,108,u43
0.031085991,109,u43
0.14695094,110,u43
0.011781364,111,u43
0,112,u43
0.017629273,113,u43
0,114,u43
0.080640993,115,u43
0.044949581,116,u43
0.353049515,117,u43
0.004230164,119,u43
0.08210774,120,u43
0.001144902,121,u43
0.004162837,122,u43
0,123,u43
0,124,u43
0,125,u43
0,126,u43
0,127,u43
0.004206298,128,u43
0,129,u43
0,130,u43
0.004877532,133,u43
0.002894161,134,u43
0,136,u43
0,140,u43
0.001890634,141,u43
0,144,u43
0,145,u43
0.020209311,147,u43
0.007265226,148,u43
0.020677011,149,u43
0,91,u42
0.000346005,92,u42
0.025428675,93,u42
0.002420109,95,u42
0,96,u42
0,97,u42
0.017578125,98,u42
0.032296749,99,u42
0.090071648,100,u42
0.000777605,101,u42
0.251851852,102,u42
0.008060453,105,u42
1.988372093,106,u42
0.086675888,107,u42
0,108,u42
0.058823529,109,u42
0,111,u42
1.521428571,112,u42
0,114,u42
0.011891407,116,u42
0.315159574,119,u42
0.255863539,121,u42
1.728813559,126,u42
0.072402044,127,u42
1.91006424,128,u42
0,134,u42
0.93148688,135,u42
0,138,u42
0,86,u41
0,88,u41
0,89,u41
0,90,u41
0.008794842,91,u41
0.001042337,92,u41
0,94,u41
0.003950034,95,u41
0,96,u41
0.005714286,97,u41
0,99,u41
0.000645807,100,u41
0,101,u41
0.004841052,102,u41
0,103,u41
0,104,u41
0.004344418,105,u41
0.005230386,106,u41
0,110,u41
0,111,u41
0.015945828,112,u41
0.008488712,113,u41
0,114,u41
0.014723692,115,u41
0.00375535,116,u41
0,117,u41
0.007460796,118,u41
0.006216428,119,u41
0,120,u41
0.006859194,121,u41
0.05299987,128,u41
0,129,u41
0,132,u41
0.011833554,133,u41
0,134,u41
0,135,u41
0,136,u41
0.015928578,141,u41
0,142,u41
0.001474415,146,u41
0,147,u41
0.017392268,148,u41
0.056255829,149,u41
0.00395599,86,u02
0.005782961,87,u02
0.008477639,88,u02
0,89,u02
0.00022423,90,u02
0.005970246,91,u02
0,92,u02
0.003706449,93,u02
0,94,u02
0.010044978,95,u02
0.112586021,96,u02
0.009249905,97,u02
0.014955263,98,u02
0.00693587,99,u02
0,100,u02
0,101,u02
0,102,u02
0.007275422,103,u02
0.006608222,104,u02
0,105,u02
0.000322051,106,u02
0.002472103,107,u02
0.000201147,108,u02
0.005809155,109,u02
0,110,u02
0.00018352,111,u02
0.003264095,112,u02
0.006800629,113,u02
0,114,u02
0.010638298,115,u02
0.003448644,116,u02
0,117,u02
0.131403118,118,u02
0.008449618,119,u02
0.000318969,120,u02
0.007642118,121,u02
0.000273121,122,u02
6.46E-05,123,u02
0.026058944,124,u02
0.017613664,125,u02
0.025675952,126,u02
0.009041342,127,u02
6.35E-05,128,u02
0.007309791,129,u02
0.008855397,130,u02
0.006307297,131,u02
0.034840478,132,u02
0.01019621,133,u02
0,134,u02
0.005528067,135,u02
0.006900077,136,u02
0.000410483,137,u02
0.041648619,138,u02
0.037115378,139,u02
0,140,u02
0.016008538,141,u02
0,142,u02
0,143,u02
0.011799005,144,u02
0,145,u02
0.000269088,146,u02
0.000322685,147,u02
0.027703392,148,u02
0.007678479,149,u02
0.013326309,150,u02
0.013764271,151,u02
0.003142241,86,u16
0.020494493,87,u16
0.009743507,88,u16
0.002332973,89,u16
0,90,u16
0.016315102,91,u16
0,92,u16
0.012177947,93,u16
0,94,u16
0.037346221,95,u16
0,96,u16
0,97,u16
0.007480379,98,u16
0.014754159,100,u16
0.002806958,102,u16
0,103,u16
0,104,u16
0.01268314,105,u16
0,106,u16
0.015395431,107,u16
0.003352402,108,u16
0.014868323,109,u16
0.005639736,110,u16
0.007913644,111,u16
0.012280509,112,u16
0.002479232,113,u16
0,114,u16
0.009606814,115,u16
0.000162729,116,u16
0,117,u16
0,118,u16
0.001709402,119,u16
0.00113221,120,u16
0.007073075,121,u16
0.000899331,122,u16
0.013120937,123,u16
0,124,u16
0,125,u16
0.013049284,126,u16
0.001313485,127,u16
0.007683759,128,u16
0.000294898,129,u16
0.001290369,130,u16
0,131,u16
0.019900498,132,u16
0,133,u16
0,134,u16
0.006165145,135,u16
0,136,u16
0,137,u16
0,138,u16
0,139,u16
0.007036611,140,u16
0.011200279,141,u16
0,142,u16
0.005415837,143,u16
0,144,u16
0,145,u16
0.000953172,146,u16
0,147,u16
0,148,u16
0.002407567,149,u16
0.009866144,88,u47
0.001420243,89,u47
0.037262208,91,u47
0.007916166,94,u47
0.021236796,95,u47
0.039965398,101,u47
0.006846044,105,u47
0.003143614,106,u47
0.002666248,107,u47
0.035803845,108,u47
0,109,u47
0,110,u47
0.003710303,112,u47
0.008107311,113,u47
0.000479871,118,u47
0.033113474,120,u47
0.016335227,123,u47
0.346655448,124,u47
0.00014397,125,u47
0.000597282,126,u47
0.187170475,132,u47
0.000179965,138,u47
0.036894345,139,u47
0,140,u47
0.01339441,141,u47
0.000435081,142,u47
0.00807373,143,u47
0.371584699,145,u47
0.005297002,146,u47
0.019884982,147,u47
0.023919161,148,u47
0.016419198,149,u47
0,86,u05
0.000172837,87,u05
0.017004539,88,u05
0.011864466,89,u05
0,91,u05
0.014227834,92,u05
0.008684453,93,u05
0.007817198,94,u05
0,95,u05
0,96,u05
0.003526722,97,u05
0.00301308,98,u05
0.004089561,99,u05
0.004872866,100,u05
0.016934771,101,u05
0.009296197,102,u05
0,103,u05
0,104,u05
0.02002064,105,u05
0,106,u05
0,107,u05
0,108,u05
0,109,u05
0,110,u05
0,111,u05
0.006102837,112,u05
0,113,u05
0.014803849,114,u05
0.004297138,115,u05
0.028391407,116,u05
0,117,u05
0,118,u05
0.015255758,119,u05
0.011421713,120,u05
0.009128599,121,u05
0,122,u05
0.007518797,123,u05
0,124,u05
0,125,u05
0.02047137,126,u05
0.002679064,127,u05
0.077918171,128,u05
0.030598889,129,u05
0.010793573,130,u05
0,131,u05
0,132,u05
0.018711177,133,u05
0.008930292,134,u05
0.000610325,135,u05
0,136,u05
0,137,u05
0,139,u05
0,140,u05
0.0026069,142,u05
0.00831978,143,u05
0,145,u05
0.023395623,147,u05
0.015477052,149,u05
0.01158185,92,u45
1,93,u45
0,94,u45
0.015953363,95,u45
1,96,u45
0.1344,98,u45
0.001173484,99,u45
0.652173913,102,u45
0.005274679,104,u45
0.011549859,105,u45
0,106,u45
0.000684295,108,u45
0.000931075,112,u45
0.002315458,118,u45
0.001691445,119,u45
0,120,u45
0.000803465,121,u45
0.001099728,125,u45
0.006917612,126,u45
0.215862069,127,u45
0.005323128,128,u45
0.103846154,130,u45
0,132,u45
0.041605109,133,u45
0,134,u45
0,135,u45
0,141,u45
0.01057424,145,u45
0,146,u45
0.129719264,147,u45
0.003876408,148,u45
1,149,u45
0.00520511,86,u17
0,87,u17
0,88,u17
0,89,u17
0,90,u17
0,91,u17
0.007840088,92,u17
0.01040029,93,u17
0.007463631,94,u17
0.004900896,95,u17
0,96,u17
0,97,u17
0.016101208,98,u17
0,99,u17
0.007327977,100,u17
0.010182982,101,u17
0.016544046,102,u17
0,103,u17
0,104,u17
0.005242561,105,u17
0.014339971,106,u17
0.004678051,107,u17
7.71E-05,108,u17
0.004140008,109,u17
0,110,u17
0.000254768,111,u17
0,112,u17
0.008243544,113,u17
0,114,u17
0.003074558,115,u17
0.017302064,116,u17
0,117,u17
0,118,u17
0,119,u17
0.000259412,120,u17
0.036453777,121,u17
0,122,u17
0.014639012,123,u17
0,124,u17
0,125,u17
0.004399501,126,u17
0.007026299,127,u17
0.015445447,128,u17
0,129,u17
0.019530174,131,u17
0,132,u17
0.004314122,133,u17
0,134,u17
0,135,u17
0,136,u17
0.002285218,137,u17
0,138,u17
0,139,u17
0,140,u17
0.012034086,141,u17
0,142,u17
0.018886649,143,u17
0.006171429,144,u17
0,145,u17
0,146,u17
0,147,u17
0.030743637,148,u17
0.000177658,149,u17
0,150,u17
0,151,u17
0.011881188,88,u49
0,89,u49
0.009520309,90,u49
0.014836347,91,u49
0.009600062,92,u49
0.023410146,93,u49
0.025429246,94,u49
0.000521563,95,u49
0,96,u49
0.000254272,97,u49
0.021274127,98,u49
0.007216361,99,u49
0.027846087,100,u49
0.02041164,101,u49
0.028462998,102,u49
0.014190212,103,u49
0,104,u49
0.023411371,105,u49
0.00848983,106,u49
0.00685757,107,u49
0.000289195,108,u49
0.00114605,109,u49
0.013506661,110,u49
0.022178615,111,u49
0.012892341,112,u49
0.029204212,113,u49
0.025790321,114,u49
0.004641586,115,u49
0.001815379,116,u49
0.005053557,117,u49
0.02946069,118,u49
0.013814433,119,u49
0.023473449,120,u49
0.079199571,121,u49
0.096203704,122,u49
0.255468312,123,u49
0.024563672,125,u49
0.025877745,126,u49
0.058810545,127,u49
0,128,u49
0.007204421,133,u49
0.026246211,134,u49
0.015409595,135,u49
0.015195112,136,u49
0.024367061,137,u49
0,138,u49
0.048882744,139,u49
0.013291178,140,u49
0.00795618,141,u49
0.005414837,142,u49
0.027992651,143,u49
0.01031822,144,u49
0.002344304,145,u49
0.003182461,146,u49
0.024484624,147,u49
0.005195305,148,u49
0.049982413,149,u49
0.006325066,150,u49
0.014530812,151,u49
0.016990204,86,u09
0.007923407,87,u09
0.001806299,88,u09
0.025024769,89,u09
0.4,90,u09
0.965635739,91,u09
0.016053141,92,u09
0.004324862,93,u09
0.030174341,94,u09
0.005915638,95,u09
0.014737972,96,u09
0.000106921,97,u09
0.017674344,98,u09
0.013960611,99,u09
0.008704655,100,u09
0.010805184,101,u09
0.009313596,102,u09
0.017122643,103,u09
0.015008798,104,u09
0.123540856,105,u09
0.008281874,106,u09
0.000229894,107,u09
0.001146789,108,u09
0.021782881,109,u09
0.115975324,110,u09
0.105487632,111,u09
0.018823099,112,u09
0.010759919,113,u09
0.004610581,114,u09
0.019517437,115,u09
0.001366249,116,u09
0,117,u09
0.038845144,118,u09
0.011997748,119,u09
0.018332856,120,u09
0.014640639,121,u09
0.022811125,122,u09
0,123,u09
0.017880833,124,u09
0,125,u09
0.01906368,126,u09
0.004139957,127,u09
0.020565299,128,u09
0.00228795,129,u09
0.023557904,130,u09
0.000481278,131,u09
0.034052099,132,u09
0.074316429,133,u09
0.00211294,134,u09
0.008819733,135,u09
0.013133513,136,u09
0.012351727,137,u09
0.012433986,138,u09
0.000503661,139,u09
0.003692348,140,u09
0.112948628,141,u09
0.003439323,142,u09
0.00571912,143,u09
0.042096722,144,u09
0.060114504,145,u09
0.049467222,146,u09
0.030183856,147,u09
0.022618369,148,u09
0.029039392,149,u09
0,150,u09
0.009390913,151,u09
0,86,u32
0.216665326,87,u32
0.015961295,88,u32
0.050900374,89,u32
0.070083401,90,u32
0.04670994,91,u32
0,92,u32
0.011534899,93,u32
0.000255689,94,u32
0.000236397,95,u32
0.005858306,96,u32
0.013401225,97,u32
0.00877755,98,u32
0.01692411,99,u32
0.006576659,100,u32
0.123854424,101,u32
0.024571798,102,u32
0.013490725,103,u32
0.047149004,108,u32
0.002302431,109,u32
0,110,u32
0.000258975,111,u32
0.013161324,112,u32
0.442862792,113,u32
0.252354049,114,u32
0.157255805,115,u32
0.002692171,116,u32
0,117,u32
0.013611903,118,u32
0.022764087,119,u32
0,120,u32
0.006980519,121,u32
0.500846024,122,u32
0.011981876,123,u32
0,124,u32
0.002619156,126,u32
0.082902233,127,u32
0.001602931,128,u32
0,129,u32
0.006723696,130,u32
0,131,u32
0,133,u32
0,134,u32
0,135,u32
0,136,u32
0,137,u32
0,139,u32
0,140,u32
0.016422706,141,u32
0.067712883,142,u32
0.02004807,143,u32
0,144,u32
0.054009941,145,u32
0.011219281,146,u32
0.2535,147,u32
0.050391937,148,u32
0.078370403,149,u32
0.009855189,150,u32
0,151,u32
0,86,u36
0.021265497,88,u36
0.017499287,89,u36
0.006700989,90,u36
0.032022726,91,u36
0.110712779,93,u36
0.000139931,94,u36
0.099272349,97,u36
0.001455251,98,u36
1.256544503,99,u36
0,100,u36
0.618117229,101,u36
0.036108873,102,u36
0.014717838,103,u36
0,104,u36
0.008024637,105,u36
0,106,u36
0.051592411,107,u36
0.019156985,108,u36
0.193567067,109,u36
0.000151888,110,u36
0.130617978,112,u36
0.005020326,113,u36
0.088181289,114,u36
0.58674189,116,u36
0.048365863,117,u36
0.144355644,118,u36
0.03740425,119,u36
0,120,u36
0.026139082,121,u36
0.022809227,122,u36
0.353246753,123,u36
0.739039039,124,u36
0,125,u36
0.37278481,126,u36
0.179398148,127,u36
1.298651252,128,u36
0.116058394,130,u36
0.173004622,132,u36
0.003367682,133,u36
0.045974434,135,u36
0.011480195,136,u36
0.068895242,137,u36
0,138,u36
0.029305856,140,u36
0.01551379,142,u36
0.000433326,143,u36
0.048373139,144,u36
0.083333333,147,u36
0,148,u36
0.071411512,149,u36
0.037280702,151,u36
0.000986797,86,u04
0.00789177,87,u04
0.038364627,88,u04
0.051440408,89,u04
0.028435233,90,u04
0.059384052,91,u04
0.02547444,92,u04
0.021207658,93,u04
0.056678234,94,u04
0.026625809,95,u04
0.057417016,96,u04
0.012576113,97,u04
0.013898008,98,u04
0.064368845,99,u04
0.020950724,100,u04
0.067937538,101,u04
0.006641298,102,u04
0.056135484,103,u04
0.00423043,104,u04
0.024517218,105,u04
0.001343835,106,u04
0.051507335,107,u04
0.103629619,108,u04
0.111494877,109,u04
0.2173685,110,u04
0.005729291,111,u04
0.011771368,112,u04
0.005810398,113,u04
0.095853044,114,u04
0.016303471,115,u04
0.015133999,116,u04
0.011733192,117,u04
0.029007908,118,u04
0.03024035,119,u04
0.025709346,120,u04
0.025052324,121,u04
0.033264618,122,u04
0.017265553,123,u04
0.035049213,125,u04
0.020832543,126,u04
0.047237238,127,u04
0.012544729,128,u04
0.017805151,129,u04
0.010976827,130,u04
0.078900609,131,u04
0.035239123,132,u04
0.028548322,133,u04
0.024553247,134,u04
0.038181482,135,u04
0.013377679,136,u04
0.072276947,137,u04
0.080714438,138,u04
0.029520295,139,u04
0.007834557,140,u04
0.007501421,141,u04
0.001672787,142,u04
0.008409426,86,u58
0,87,u58
0.014653668,88,u58
0,89,u58
0,90,u58
0.006315723,91,u58
0,92,u58
0.00912225,93,u58
0.177387185,94,u58
0.009770669,95,u58
0,96,u58
0.008020439,97,u58
0.010197189,98,u58
0,99,u58
0.004283761,100,u58
0,101,u58
0.013783702,102,u58
0.00620355,103,u58
0,104,u58
0.003872054,105,u58
0.006375167,106,u58
0.005886262,107,u58
0,108,u58
0.061512216,109,u58
0,110,u58
0,111,u58
0.013506446,112,u58
0.000242255,113,u58
0,114,u58
0.005627837,115,u58
0.019585844,116,u58
0,117,u58
0.000396983,118,u58
0.009061619,119,u58
0,120,u58
0.000831145,121,u58
0,122,u58
0.004420979,123,u58
0.00036208,124,u58
0.007571291,126,u58
0,127,u58
0.030994023,128,u58
0.042297142,129,u58
0.010651923,130,u58
0,131,u58
0,132,u58
0.007496679,133,u58
0,134,u58
0,135,u58
0,136,u58
0,137,u58
0.002447333,138,u58
0.000269074,139,u58
0,140,u58
0.002038169,141,u58
0,142,u58
0.006619752,143,u58
0,144,u58
0,145,u58
0,146,u58
0,147,u58
0,148,u58
0.019161965,149,u58
0.049242068,86,u59
0.017753474,87,u59
0.031399118,88,u59
0.109498487,89,u59
0.015986678,90,u59
0.027666857,91,u59
0.040899796,92,u59
0.103531568,93,u59
0.088256747,94,u59
0.014135245,95,u59
0.032699168,96,u59
0.006542882,97,u59
0.136922909,98,u59
0.062496308,99,u59
0.007332775,100,u59
0.140304013,102,u59
0.092515762,103,u59
0.024403455,104,u59
0.115568621,105,u59
0.420542636,106,u59
0.094271232,107,u59
0.051660632,108,u59
0.059757651,109,u59
0.221926443,110,u59
0.012383798,111,u59
0.02900019,112,u59
0.049519027,113,u59
0.000302847,114,u59
0.063968552,115,u59
0.053970748,116,u59
0.073441478,117,u59
0.018488713,118,u59
0.027351045,119,u59
0.035488865,120,u59
0,121,u59
0.090634243,122,u59
0.038698011,123,u59
0.006201132,124,u59
0.000784473,125,u59
0.037329873,126,u59
0.02230518,127,u59
0.011751491,128,u59
0.058451963,129,u59
0.033330224,130,u59
0.261777778,131,u59
0.039034776,132,u59
0.073563218,133,u59
0.087705282,134,u59
0.009822929,135,u59
0.024016575,136,u59
0.025233482,137,u59
0.45948647,138,u59
0.18367662,139,u59
0.052850268,140,u59
0.026320326,141,u59
0,142,u59
0.010699457,144,u59
0,145,u59
0.01846093,146,u59
0.014143047,147,u59
0.042835319,148,u59
0.021514229,149,u59
0.033972668,150,u59
0.021244052,151,u59
0.010271061,86,u15
0.045310331,87,u15
0.022395792,88,u15
0.014240305,89,u15
0.024344072,91,u15
0,92,u15
0.001200044,93,u15
0.02173913,94,u15
0.002385807,95,u15
0.003630984,96,u15
0.00218844,98,u15
0.005549117,99,u15
0.012870068,100,u15
0.002467232,103,u15
0,104,u15
0.022775278,105,u15
0,106,u15
0,107,u15
0.649668536,111,u15
0,112,u15
0.003745457,113,u15
0.012684331,119,u15
0.010825919,120,u15
0,126,u15
0,127,u15
0,128,u15
0.020382696,133,u15
0.007166667,134,u15
0.008258317,135,u15
0,136,u15
0.016314338,148,u15
0,149,u15
0.00722707,87,u33
0.003538431,88,u33
0.000352034,89,u33
0.006001776,90,u33
0.005793241,91,u33
0,92,u33
0.012744937,93,u33
0.009030183,94,u33
0.021018516,95,u33
0,96,u33
5.95E-05,97,u33
0.024344265,98,u33
0,99,u33
0.000845692,100,u33
0,101,u33
0.000293399,102,u33
0.006583555,103,u33
0.000860956,104,u33
0.005019793,105,u33
0.022953171,106,u33
0.00965034,107,u33
0.001550439,108,u33
0.000567072,109,u33
0.001239022,110,u33
0.016294435,111,u33
0.006080233,112,u33
0.004163036,113,u33
0.03248093,114,u33
0.007740702,115,u33
0.00718018,116,u33
0.005940723,117,u33
0.000290135,118,u33
0.001238067,119,u33
0.000242689,120,u33
0.023971731,121,u33
0.000820829,122,u33
0,123,u33
0.013461864,124,u33
0,125,u33
0.038504722,126,u33
0,127,u33
0.067514138,128,u33
0.000557629,129,u33
0.0002886,130,u33
0.000426307,131,u33
0.007635919,132,u33
0.007447992,133,u33
0.007718731,134,u33
0,135,u33
0.000789889,136,u33
0,137,u33
0.024514811,138,u33
1.644518272,88,u13
0.004649397,89,u13
0.00012818,90,u13
0.006847431,93,u13
0.144281217,97,u13
0.009176225,99,u13
0.919642857,100,u13
0.983333333,101,u13
0.321472393,102,u13
0.02312102,105,u13
0,106,u13
0.04242131,107,u13
0.07441328,108,u13
0.016163474,109,u13
0.02951573,110,u13
0.000302078,111,u13
0.007311702,112,u13
0.007763381,113,u13
0.000155406,115,u13
0.005884874,116,u13
0.014688418,117,u13
0.014949423,118,u13
0.011195522,119,u13
0,120,u13
0.044800365,121,u13
0,122,u13
0.030748754,124,u13
0.008685537,125,u13
0,126,u13
0.345070423,130,u13
0.237219813,132,u13
0.046557377,133,u13
0.000408263,134,u13
0.315205913,135,u13
0.014242965,136,u13
0.069650019,137,u13
0.005562788,138,u13
0.031305066,140,u13
0.005504439,141,u13
0.023514568,142,u13
0.01002478,143,u13
0.016856242,144,u13
0.020204509,145,u13
0.000322529,147,u13
0,148,u13
0.016116312,149,u13
0.021425275,87,u31
0.129084967,88,u31
0.001957965,89,u31
0.022664577,90,u31
0.086988848,91,u31
0.016162955,92,u31
0.022727273,93,u31
0.004604317,94,u31
0.487128713,95,u31
0,96,u31
0.026860452,98,u31
0.024939517,99,u31
0.018185588,100,u31
0.00075643,101,u31
0.002708559,102,u31
0,103,u31
0.032586471,104,u31
0.0129297,105,u31
0.005980051,106,u31
0.004384278,107,u31
0.056338028,108,u31
0.021373004,109,u31
8.41E-05,110,u31
0.007973086,111,u31
0.039467862,112,u31
0.04479903,113,u31
0.018326309,115,u31
0.048568683,118,u31
0.063121619,119,u31
0.041644484,120,u31
0.009360898,121,u31
0.079454631,122,u31
0.032833413,123,u31
0.000236496,124,u31
0.218729037,126,u31
0.036052399,127,u31
0.988461538,128,u31
0.001060905,129,u31
0.048855216,130,u31
0.105288671,131,u31
0.082262025,132,u31
0.049685947,133,u31
0.030412391,134,u31
0.027863909,135,u31
0.015421191,138,u31
0.003532974,140,u31
0.028725142,142,u31
0.000797365,145,u31
0.025659551,147,u31
0.03300119,148,u31
0.046887863,149,u31
